backingEnglish,backingOriginalLanguage,brand,categoryEnglish,categoryOriginalLanguage,categoryUrl,colorEnglish,colorOriginalLanguage,country,descriptionEnglish,descriptionOriginalLanguage,dmu,domain,ean,eurPerSqm,euroProductPrice,euroProductPrice.amount,euroProductPrice.currency,euroProductPrice.unit,euroProductPrice.value,isTape,lengthConverted,lengthConverted.unit,lengthConverted.value,lengthOriginal,lengthOriginal.unit,lengthOriginal.value,materialEnglish,materialOriginalLanguage,name,ranking,rawWithVatProductPrice,rawWithVatProductPrice.amount,rawWithVatProductPrice.currency,rawWithVatProductPrice.unit,rawWithVatProductPrice.value,sku,soldTo,subCategoryEnglish,subCategoryEnglish.0,subCategoryEnglish.1,subCategoryEnglish.2,subCategoryEnglish.3,subCategoryEnglish.4,subCategoryEnglish.5,subCategoryOriginalLanguage,subCategoryOriginalLanguage.0,subCategoryOriginalLanguage.1,subCategoryOriginalLanguage.2,subCategoryOriginalLanguage.3,subCategoryOriginalLanguage.4,subCategoryOriginalLanguage.5,subCategoryUrls,subCategoryUrls.0,subCategoryUrls.1,subCategoryUrls.2,subCategoryUrls.3,subCategoryUrls.4,temperature,temperature.0.unit,temperature.0.value,temperature.1.unit,temperature.1.value,tesaBnr,thicknessConverted,thicknessConverted.unit,thicknessConverted.value,thicknessOriginal,thicknessOriginal.unit,thicknessOriginal.value,typeEnglish,typeOriginalLanguage,weightConverted,weightOriginal,weightOriginal.unit,weightOriginal.value,widthConverted,widthConverted.unit,widthConverted.value,widthOriginal,widthOriginal.unit,widthOriginal.value
PE film,PE-Film,tesa,Cloth Adhesive Tapes,Gewebeklebebänder,https://www.hoffmann-group.com/DE/de/hom/Chemisch-technische-Produkte/Klebeb%C3%A4nder/Gewebeklebeb%C3%A4nder/c/06-07-01-00-00,transparent,transparent,de,"tesa® 56497 Ultra Power Clear was developed for indoor and outdoor applications. Thanks to its high UV and temperature resistance it can be used under extreme weather conditions and temperatures from -10°C to +90°C. The transparent repair tape is ideal for outdoor activities and is also useful for (temporary) repairs at home.
Note: The stated minimum shelf life of tesa® products refers to compliance with the specified storage guidelines.","tesa® 56497 Ultra Power Clear wurde für Anwendungen im Innen- und Außenbereich entwickelt. Dank der hohen UV- und Temperaturbeständigkeit kann es auch bei extremen Wetterbedingungen und Temperaturen von -10°C bis +90°C eingesetzt werden. Das transparente Reparaturband ist ideal für Outdoor-Aktivitäten, leistet aber selbstverständlich auch im heimischen Haushalt wertvolle Unterstützung bei (temporären) Reparaturen. Die angegebene Mindesthaltbarkeit von tesa® Produkten bezieht sich auf die Einhaltung der vorgegebenen Lagerungsrichtlinien.",Hoffmann GmbH,https://www.hoffmann-group.com,4063565106507,16.729166666666664,,1,EUR,unit,16.06,true,,meters,20,,m,20,PE film,PE-Film,de_hoffmann_group,2,,1,EUR,unit,16.06,083618-48X20,Hoffmann GmbH,,Home,Chemical-technical Products,Adhesive Tapes,Cloth Adhesive Tapes,,,,Startseite,Chemisch-technische Produkte,Klebebänder,Gewebeklebebänder,,,,https://www.hoffmann-group.com/DE/de/hom/,https://www.hoffmann-group.com/DE/de/hom/Chemisch-technische-Produkte/c/06-00-00-00-00,https://www.hoffmann-group.com/DE/de/hom/Chemisch-technische-Produkte/Klebeb%C3%A4nder/c/06-07-00-00-00,https://www.hoffmann-group.com/DE/de/hom/Chemisch-technische-Produkte/Klebeb%C3%A4nder/Gewebeklebeb%C3%A4nder/c/06-07-01-00-00,,,°C,-10,°C,90,56497,,millimeters,0.17,,mm,0.17,synthetic rubber,Synthesekautschuk,,,,,,millimeters,48,,mm,48
cloth,Gewebe,tesa,Cloth adhesive tapes,Gewebeklebebänder,https://www.hoffmann-group.com/DE/de/hom/Chemisch-technische-Produkte/Klebeb%C3%A4nder/Gewebeklebeb%C3%A4nder/c/06-07-01-00-00,black,schwarz,de,"The tesa® 60462 is a robust, more sustainable duct tape made from recycled material and our well-known solvent-free synthetic rubber adhesive. It features: 67% of the carrier material consists of recycled plastics (PCR). Bonds immediately with excellent adhesion to a variety of materials, including rough surfaces. Smooth unwinding and hand-tearable. Water-repellent and durable. Also suitable for use on rough surfaces.","Das tesa® 60462 ist ein robustes, nachhaltigeres Duct Tape hergestellt aus recyceltem Material und unserem bekannten lösungsmittelfreien synthetischen Kautschukklebemasse und zeichnet sich durch folgende Eigenschaften aus:67 % des Trägermaterials bestehen aus recycelten Kunststoffen (PCR)Klebt sofort mit hervorragender Haftung auf einer Vielzahl von Materialien, auch auf rauen OberflächenSanftes Abrollen und von Hand einreißbarWasserabweisend und langlebig Auch auf rauen Oberflächen anwendbar.",Hoffmann GmbH,https://www.hoffmann-group.com,4063565288593,5.856,,1,EUR,unit,14.64,true,,meters,50,,m,50,"fabric (recycled plastic carrier, PCR)",67 % des Trägermaterials bestehen aus recycelten Kunststoffen (PCR),de_hoffmann_group,2,,1,EUR,unit,14.64,083624-50X50,Hoffmann GmbH,,Chemical-technical products,Adhesive tapes,Cloth adhesive tapes,,,,,Chemisch-technische Produkte,Klebebänder,Gewebeklebebänder,,,,,https://www.hoffmann-group.com/DE/de/hom/Chemisch-technische-Produkte/c/06-00-00-00-00,https://www.hoffmann-group.com/DE/de/hom/Chemisch-technische-Produkte/Klebeb%C3%A4nder/c/06-07-00-00-00,https://www.hoffmann-group.com/DE/de/hom/Chemisch-technische-Produkte/Klebeb%C3%A4nder/Gewebeklebeb%C3%A4nder/c/06-07-01-00-00,,,,,,,,60462,,millimeters,0.215,,mm,0.215,synthetic rubber,Synthesekautschuk,,,,,,millimeters,50,,mm,50
fabric,Gewebe,tesa,Fabric adhesive tapes,Gewebeklebebänder,https://www.hoffmann-group.com/DE/de/hom/Chemisch-technische-Produkte/Klebeb%C3%A4nder/Gewebeklebeb%C3%A4nder/c/06-07-01-00-00,silver,silber,de,"The tesa® 60462 is a robust, more sustainable duct tape made from recycled material and our known solvent-free synthetic rubber adhesive. Features: 67% of the carrier material consists of recycled plastics (PCR). Immediately sticks with excellent adhesion to a variety of materials, including rough surfaces. Smooth unwinding and hand-tearable. Water-repellent and durable. Also applicable on rough surfaces.","Das tesa® 60462 ist ein robustes, nachhaltigeres Duct Tape hergestellt aus recyceltem Material und unserem bekannten lösungsmittelfreien synthetischen Kautschukklebemasse und zeichnet sich durch folgende Eigenschaften aus:67 % des Trägermaterials bestehen aus recycelten Kunststoffen (PCR)Klebt sofort mit hervorragender Haftung auf einer Vielzahl von Materialien, auch auf rauen OberflächenSanftes Abrollen und von Hand einreißbarWasserabweisend und langlebig Auch auf rauen Oberflächen anwendbar.",Hoffmann GmbH,https://www.hoffmann-group.com,4063565288562,5.856,,1,EUR,unit,14.64,true,,meters,50,,m,50,recycled plastics (PCR),67 % des Trägermaterials bestehen aus recycelten Kunststoffen (PCR),de_hoffmann_group,2,,1,EUR,unit,14.64,083623-50X50,Hoffmann GmbH,,Home,Chemical-technical products,Adhesive tapes,Fabric adhesive tapes,,,,Startseite,Chemisch-technische Produkte,Klebebänder,Gewebeklebebänder,,,,https://www.hoffmann-group.com/DE/de/hom/,https://www.hoffmann-group.com/DE/de/hom/Chemisch-technische-Produkte/c/06-00-00-00-00,https://www.hoffmann-group.com/DE/de/hom/Chemisch-technische-Produkte/Klebeb%C3%A4nder/c/06-07-00-00-00,https://www.hoffmann-group.com/DE/de/hom/Chemisch-technische-Produkte/Klebeb%C3%A4nder/Gewebeklebeb%C3%A4nder/c/06-07-01-00-00,,,,,,,60462,,millimeters,0.215,,mm,0.215,synthetic rubber,Synthesekautschuk,,,,,,millimeters,50,,mm,50
fabric,Gewebe,3M,Universal double-sided tapes,Universelle Klebebänder,https://www.hoffmann-group.com/DE/de/hom/Chemisch-technische-Produkte/Klebeb%C3%A4nder/Doppelseitige-Klebeb%C3%A4nder/Universelle-Klebeb%C3%A4nder/c/06-07-02-01-00,yellowish,gelblich,de,The 3M™ 9191 is a double-sided adhesive tape and features a pressure-sensitive synthetic rubber adhesive with high tack and immediate adhesion. The stated minimum shelf life of 3M™ products refers to compliance with the specified storage guidelines.,Das 3M™ 9191 ist ein doppelseitiges Klebeband und zeichnet sich durch einen druckempfindlichen Synthese-Kautschuk-Klebstoff mit hoher Klebkraft und Soforthaftung aus. Die angegebene Mindesthaltbarkeit von 3M™ Produkten bezieht sich auf die Einhaltung der vorgegebenen Lagerungsrichtlinien.,Hoffmann GmbH,https://www.hoffmann-group.com,8000280457008,13.712,,1,EUR,unit,17.14,true,,meters,25,,m,25,fabric,Gewebe,de_hoffmann_group,2,,1,EUR,unit,17.14,083628-50X25,Hoffmann GmbH,,Home,Chemical-technical Products,Adhesive tapes,Double-sided adhesive tapes,Universal tapes,,,Startseite,Chemisch-technische Produkte,Klebebänder,Doppelseitige Klebebänder,Universelle Klebebänder,,,https://www.hoffmann-group.com/DE/de/hom/,https://www.hoffmann-group.com/DE/de/hom/Chemisch-technische-Produkte/c/06-00-00-00-00,https://www.hoffmann-group.com/DE/de/hom/Chemisch-technische-Produkte/Klebeb%C3%A4nder/c/06-07-00-00-00,https://www.hoffmann-group.com/DE/de/hom/Chemisch-technische-Produkte/Klebeb%C3%A4nder/Doppelseitige-Klebeb%C3%A4nder/c/06-07-02-00-00,https://www.hoffmann-group.com/DE/de/hom/Chemisch-technische-Produkte/Klebeb%C3%A4nder/Doppelseitige-Klebeb%C3%A4nder/Universelle-Klebeb%C3%A4nder/c/06-07-02-01-00,,°C,-30,°C,75,,,millimeters,0.26,,mm,0.26,synthetic rubber,Synthesekautschuk,,,,,,millimeters,50,,mm,50
fabric,Gewebe,tesa,Fabric adhesive tapes,Gewebeklebebänder,https://www.hoffmann-group.com/DE/de/hom/Chemisch-technische-Produkte/Klebeb%C3%A4nder/Gewebeklebeb%C3%A4nder/c/06-07-01-00-00,gray,grau,de,"The tesa® 4615 is a universal, more sustainable duct tape made from recycled material and our known solvent-free synthetic rubber adhesive. It is characterised by the following features:
63% of the carrier material consists of recycled plastics (PCR)
High initial tack on a wide variety of materials
Smooth unwinding and tearable by hand
Water-repellent and durable","Das tesa® 4615 ist ein universelles, nachhaltigeres Duct Tape, hergestellt aus recyceltem Material und unserem bekannten lösungsmittelfreien synthetischen Kautschukklebemasse und zeichnet sich durch folgende Eigenschaften aus:63 % des Trägermaterials bestehen aus recycelten Kunststoffen (PCR)Hohe Sofortklebkraft auf unterschiedlichsten MaterialienSanftes Abrollen und von Hand einreißbarWasserabweisend und langlebig",Hoffmann GmbH,https://www.hoffmann-group.com,4063565385872,5.5920000000000005,,1,EUR,unit,13.98,true,,meters,50,,m,50,recycled plastics (PCR),recyceltem Material,de_hoffmann_group,2,,1,EUR,unit,13.98,083621-50X50,Hoffmann GmbH,,Home,Chemical-technical products,Adhesive tapes,Fabric adhesive tapes,,,,Startseite,Chemisch-technische Produkte,Klebebänder,Gewebeklebebänder,,,,https://www.hoffmann-group.com/DE/de/hom/,https://www.hoffmann-group.com/DE/de/hom/Chemisch-technische-Produkte/c/06-00-00-00-00,https://www.hoffmann-group.com/DE/de/hom/Chemisch-technische-Produkte/Klebeb%C3%A4nder/c/06-07-00-00-00,https://www.hoffmann-group.com/DE/de/hom/Chemisch-technische-Produkte/Klebeb%C3%A4nder/Gewebeklebeb%C3%A4nder/c/06-07-01-00-00,,,,,,,4615,,millimeters,0.175,,mm,0.175,synthetic rubber,Synthesekautschuk,,,,,,millimeters,50,,mm,50
fabric,Gewebe,tesa,Fabric adhesive tapes,Gewebeklebebänder,https://www.hoffmann-group.com/DE/de/hom/Chemisch-technische-Produkte/Klebeb%C3%A4nder/Gewebeklebeb%C3%A4nder/c/06-07-01-00-00,black,schwarz,de,"The tesa® 4615 is a universal, more sustainable duct tape made from recycled material and our well-known solvent-free synthetic rubber adhesive. It is characterized by: 63% of the carrier material consists of recycled plastics (PCR). High immediate adhesion on a wide range of materials. Smooth unwinding and hand-tearable. Water-repellent and durable.","Das tesa® 4615 ist ein universelles, nachhaltigeres Duct Tape, hergestellt aus recyceltem Material und unserem bekannten lösungsmittelfreien synthetischen Kautschukklebemasse und zeichnet sich durch folgende Eigenschaften aus:63 % des Trägermaterials bestehen aus recycelten Kunststoffen (PCR)Hohe Sofortklebkraft auf unterschiedlichsten MaterialienSanftes Abrollen und von Hand einreißbarWasserabweisend und langlebig",Hoffmann GmbH,https://www.hoffmann-group.com,4063565288654,5.5920000000000005,,1,EUR,unit,13.98,true,,meters,50,,m,50,recycled plastics (PCR) carrier,Trägermaterial: 63 % des Trägermaterials bestehen aus recycelten Kunststoffen (PCR),de_hoffmann_group,2,,1,EUR,unit,13.98,083622-50X50,Hoffmann GmbH,,Home,Chemical-technical products,Adhesive tapes,Fabric adhesive tapes,,,,Startseite,Chemisch-technische Produkte,Klebebänder,Gewebeklebebänder,,,,https://www.hoffmann-group.com/DE/de/hom/,https://www.hoffmann-group.com/DE/de/hom/Chemisch-technische-Produkte/c/06-00-00-00-00,https://www.hoffmann-group.com/DE/de/hom/Chemisch-technische-Produkte/Klebeb%C3%A4nder/c/06-07-00-00-00,https://www.hoffmann-group.com/DE/de/hom/Chemisch-technische-Produkte/Klebeb%C3%A4nder/Gewebeklebeb%C3%A4nder/c/06-07-01-00-00,,,,,,,4615,,millimeters,0.175,,mm,0.175,synthetic rubber,Synthesekautschuk,,,,,,millimeters,50,,mm,50
siliconized paper,Silikonisiertes Papier,3M,Universal double-sided tapes,Universelle Klebebänder,https://www.hoffmann-group.com/DE/de/hom/Chemisch-technische-Produkte/Klebeb%C3%A4nder/Doppelseitige-Klebeb%C3%A4nder/Universelle-Klebeb%C3%A4nder/c/06-07-02-01-00,yellowish,gelblich,de,"The 3M™ 9195 is a double-sided acrylic adhesive tape (carpet tape) with adhesive sides of differing tack (strongly adhesive / removable). After use, adhered carpets can be removed from firm floors/substrates without leaving residues. The stated shelf life of 3M™ products refers to compliance with the specified storage guidelines.",Das 3M™ 9195 ist ein doppelseitiges Acrylat-Klebeband (Teppichklebeband) mit unterschiedlich stark haftenden Klebeseiten (stark haftend / wiederlösbar). Nach Gebrauch können die geklebten Teppiche von festen Böden bzw. Untergründen wieder rückstandsfrei entfernt werden. Die angegebene Mindesthaltbarkeit von 3M™ Produkten bezieht sich auf die Einhaltung der vorgegebenen Lagerungsrichtlinien.,Hoffmann GmbH,https://www.hoffmann-group.com,8021684192371,14.088,,1,EUR,unit,17.61,true,,meters,25,,m,25,paper nonwoven,Papiervlies,de_hoffmann_group,2,,1,EUR,unit,17.61,083625-50X25,Hoffmann GmbH,,Home,...,Chemical-technical products,Adhesive tapes,Double-sided adhesive tapes,Universal double-sided tapes,,Startseite,...,Chemisch-technische Produkte,Klebebänder,Doppelseitige Klebebänder,Universelle Klebebänder,,https://www.hoffmann-group.com/DE/de/hom/,https://www.hoffmann-group.com/DE/de/hom/Chemisch-technische-Produkte/c/06-00-00-00-00,https://www.hoffmann-group.com/DE/de/hom/Chemisch-technische-Produkte/Klebeb%C3%A4nder/c/06-07-00-00-00,https://www.hoffmann-group.com/DE/de/hom/Chemisch-technische-Produkte/Klebeb%C3%A4nder/Doppelseitige-Klebeb%C3%A4nder/c/06-07-02-00-00,https://www.hoffmann-group.com/DE/de/hom/Chemisch-technische-Produkte/Klebeb%C3%A4nder/Doppelseitige-Klebeb%C3%A4nder/Universelle-Klebeb%C3%A4nder/c/06-07-02-01-00,,°C,60,,,,,millimeters,0.13,,mm,0.13,acrylic,Acrylat,,,,,,millimeters,50,,mm,50
fabric,Gewebe,tesa,Fabric adhesive tapes,Gewebeklebebänder,https://www.hoffmann-group.com/DE/de/hom/Chemisch-technische-Produkte/Klebeb%C3%A4nder/Gewebeklebeb%C3%A4nder/c/06-07-01-00-00,pink,pink,de,"The tesa® 4671 has a cellulosic fabric backing, is non-reflective, fluorescent and suitable for almost any type of application. It can be torn by hand, removed residue-free, adheres to rough surfaces and can be written on. With the tesa® 4671 fabric tape in neon colors you can master various tasks reliably and safely - especially for marking different elements or in event areas. The tesa® 4671 fabric tape is available in fluorescent neon colors and is frequently used by professionals for visible marking of movable elements or at events. It is suitable for a variety of applications such as marking, fixing, attaching or bundling. tesa® 4671 can be torn by hand, easily labeled, does not reflect and is formable. The combination of an acrylate-coated fabric and an adhesive made of natural rubber provides high abrasion resistance. The fabric tape can be removed residue-free and is available in the following colors: neon green, neon yellow, neon orange and neon pink.
Note:
The stated minimum shelf life of tesa® products refers to compliance with the specified storage guidelines.","Das tesa® 4671 hat ein Trägergewebe aus Zellwolle, reflektiert nicht, ist flureszierend und für nahezu jede Art von Anwendung geeignet. Es lässt sich leicht von Hand einreißen, ist rückstandsfrei entfernbar, klebt auch auf rauen Oberflächen und kann beschriftet werden.Mit dem Gewebeband tesa® 4671 in neon Farben meistern Sie verschiedene Aufgaben sicher und zuverlässig - insbesondere beim Markieren verschiedener Elemente oder im Veranstaltungsbereich!Das Gewebeband tesa® 4671 ist in flourescierenden neon Farben erhältlich und wird von Fachleuten häufig zum sichtbaren Markieren von verschiebenen Elementen oder im Rahmen von Veranstaltungen eingesetzt. Es eignet sich für vielfältige Anwendungen wie Markieren, Fixieren, Befestigen oder Bündeln. tesa® 4671 lässt sich bequem von Hand einreißen, einfach beschriften, reflektiert nicht und ist formbar. Die Kombination aus acrylatbeschichteten Gewebe und einer Klebmasse aus Naturkautschuk sorgt für eine hohe Abriebfestigkeit. Das Gewebeband lässt sich rückstandslos entfernen und ist in folgenden Farben erhältlich: neongrün, neongelb, neonorange und neonpink.
Hinweis:
Die angegebene Mindesthaltbarkeit von tesa® Produkten bezieht sich auf die Einhaltung der vorgegebenen Lagerungsrichtlinien.",Hoffmann GmbH,https://www.hoffmann-group.com,4042448180858,26.973333333333336,,3,EUR,unit,101.15,true,,meters,25,,m,25,fabric,Gewebe,de_hoffmann_group,2,,3,EUR,unit,101.15,083617-50X25,Hoffmann GmbH,,Chemical-technical products,Adhesive tapes,Fabric adhesive tapes,,,,,Chemisch-technische Produkte,Klebebänder,Gewebeklebebänder,,,,,https://www.hoffmann-group.com/DE/de/hom/Chemisch-technische-Produkte/c/06-00-00-00-00,https://www.hoffmann-group.com/DE/de/hom/Chemisch-technische-Produkte/Klebeb%C3%A4nder/c/06-07-00-00-00,https://www.hoffmann-group.com/DE/de/hom/Chemisch-technische-Produkte/Klebeb%C3%A4nder/Gewebeklebeb%C3%A4nder/c/06-07-01-00-00,,,,°C,140,,,4671,,millimeters,0.28,,mm,0.28,natural rubber,Naturkautschuk,,,,,,millimeters,50,,mm,50
fabric,Gewebe,tesa,Cloth adhesive tapes,Gewebeklebebänder,https://www.hoffmann-group.com/DE/de/hom/Chemisch-technische-Produkte/Klebeb%C3%A4nder/Gewebeklebeb%C3%A4nder/c/06-07-01-00-00,orange,orange,de,"The tesa® 4671 has a cellulose-wadding fabric backing, does not reflect, is fluorescent and suitable for almost any type of application. It can be torn easily by hand, removed residue-free, adheres even to rough surfaces and can be written on. With the tesa® 4671 cloth tape in neon colors you can master various tasks safely and reliably – especially for marking different elements or in event areas. The tesa® 4671 cloth tape is available in fluorescent neon colors and is frequently used by professionals for highly visible marking of movable elements or at events. It is suitable for many applications such as marking, fixing, fastening or bundling. tesa® 4671 can be torn by hand, is easy to write on, does not reflect and is formable. The combination of an acrylate-coated fabric and an adhesive made of natural rubber provides high abrasion resistance. The cloth tape can be removed residue-free and is available in the following colors: neon green, neon yellow, neon orange and neon pink.
Note: The stated minimum shelf life of tesa® products refers to compliance with the specified storage guidelines.","Das tesa® 4671 hat ein Trägergewebe aus Zellwolle, reflektiert nicht, ist flureszierend und für nahezu jede Art von Anwendung geeignet. Es lässt sich leicht von Hand einreißen, ist rückstandsfrei entfernbar, klebt auch auf rauen Oberflächen und kann beschriftet werden.Mit dem Gewebeband tesa® 4671 in neon Farben meistern Sie verschiedene Aufgaben sicher und zuverlässig - insbesondere beim Markieren verschiedener Elemente oder im Veranstaltungsbereich!Das Gewebeband tesa® 4671 ist in flourescierenden neon Farben erhältlich und wird von Fachleuten häufig zum sichtbaren Markieren von verschiebenen Elementen oder im Rahmen von Veranstaltungen eingesetzt. Es eignet sich für vielfältige Anwendungen wie Markieren, Fixieren, Befestigen oder Bündeln. tesa® 4671 lässt sich bequem von Hand einreißen, einfach beschriften, reflektiert nicht und ist formbar. Die Kombination aus acrylatbeschichteten Gewebe und einer Klebmasse aus Naturkautschuk sorgt für eine hohe Abriebfestigkeit. Das Gewebeband lässt sich rückstandslos entfernen und ist in folgenden Farben erhältlich: neongrün, neongelb, neonorange und neonpink.
Hinweis:
Die angegebene Mindesthaltbarkeit von tesa® Produkten bezieht sich auf die Einhaltung der vorgegebenen Lagerungsrichtlinien.",Hoffmann GmbH,https://www.hoffmann-group.com,4042448180728,80.92,,1,EUR,unit,101.15,true,,meters,25,,m,25,fabric,Gewebe,de_hoffmann_group,2,,1,EUR,unit,101.15,083616-50X25,Hoffmann GmbH,,Home,Chemical-technical products,Adhesive tapes,Cloth adhesive tapes,,,,Startseite,...,Chemisch-technische Produkte,Klebebänder,Gewebeklebebänder,,,https://www.hoffmann-group.com/DE/de/hom/,https://www.hoffmann-group.com/DE/de/hom/Chemisch-technische-Produkte/c/06-00-00-00-00,https://www.hoffmann-group.com/DE/de/hom/Chemisch-technische-Produkte/Klebeb%C3%A4nder/c/06-07-00-00-00,https://www.hoffmann-group.com/DE/de/hom/Chemisch-technische-Produkte/Klebeb%C3%A4nder/Gewebeklebeb%C3%A4nder/c/06-07-01-00-00,,,°C,140,,,4671,,millimeters,0.28,,mm,0.28,natural rubber,Naturkautschuk,,,,,,millimeters,50,,mm,50
fabric,Gewebe,tesa,Fabric adhesive tapes,Gewebeklebebänder,https://www.hoffmann-group.com/DE/de/hom/Chemisch-technische-Produkte/Klebeb%C3%A4nder/Gewebeklebeb%C3%A4nder/c/06-07-01-00-00,light green,hellgrün,de,"The tesa® 4621 is a general-purpose fabric adhesive tape suitable for outdoor use. It rips easily by hand in both longitudinal and transverse directions. It offers smooth unwinding without the tape curling, is waterproof and UV-resistant, and can be removed residue-free for up to 8 weeks. The tesa® 4671 fabric tape in neon colours lets you master various tasks safely and reliably—especially for marking different elements or for events. The tesa® 4671 fabric tape is available in fluorescent neon colours and is often used by professionals for visible marking of movable elements or at events. It is suitable for many applications such as marking, fixing, fastening or bundling. tesa® 4671 can be torn by hand, is easy to write on, non-reflective and formable. The combination of an acrylate-coated fabric and a natural rubber adhesive provides high abrasion resistance. The fabric tape can be removed without residue and is available in the following colors: neon green, neon yellow, neon orange and neon pink. The stated minimum shelf life of tesa® products refers to compliance with the specified storage guidelines.","Das tesa® 4621 ist ein Allzweck-Gewebeklebeband für den Außeneinsatz geeignet. Es ist leicht von Hand einreißbar in Längs- und Querrichtung. Außerdem bietet es ein sanftes Abrollen ohne Einrollen des Klebebandes, ist wasserdicht und UV-beständig und bis zu 8 Wochen rückstandsfrei entfernbar. Mit dem Gewebeband tesa® 4671 in neon Farben meistern Sie verschiedene Aufgaben sicher und zuverlässig - insbesondere beim Markieren verschiedener Elemente oder im Veranstaltungsbereich! Das Gewebeband tesa® 4671 ist in flourescierenden neon Farben erhältlich und wird von Fachleuten häufig zum sichtbaren Markieren von verschiebenen Elementen oder im Rahmen von Veranstaltungen eingesetzt. Es eignet sich für vielfältige Anwendungen wie Markieren, Fixieren, Befestigen oder Bündeln. tesa® 4671 lässt sich bequem von Hand einreißen, einfach beschriften, reflektiert nicht und ist formbar. Die Kombination aus acrylatbeschichteten Gewebe und einer Klebmasse aus Naturkautschuk sorgt für eine hohe Abriebfestigkeit. Das Gewebeband lässt sich rückstandslos entfernen und ist in folgenden Farben erhältlich: neongrün, neongelb, neonorange und neonpink. Die angegebene Mindesthaltbarkeit von tesa® Produkten bezieht sich auf die Einhaltung der vorgegebenen Lagerungsrichtlinien.",Hoffmann GmbH,https://www.hoffmann-group.com,4042448529732,10.472,,1,EUR,unit,26.18,true,,meters,50,,m,50,fabric,Gewebe,de_hoffmann_group,2,,1,EUR,unit,26.18,083606-50X50,Hoffmann GmbH,,Home,Chemical-technical products,Adhesive tapes,Fabric adhesive tapes,,,,Startseite,Chemisch-technische Produkte,Klebebänder,Gewebeklebebänder,,,,https://www.hoffmann-group.com/DE/de/hom/Chemisch-technische-Produkte/c/06-00-00-00-00,https://www.hoffmann-group.com/DE/de/hom/Chemisch-technische-Produkte/Klebeb%C3%A4nder/c/06-07-00-00-00,https://www.hoffmann-group.com/DE/de/hom/Chemisch-technische-Produkte/Klebeb%C3%A4nder/Gewebeklebeb%C3%A4nder/c/06-07-01-00-00,,,,°C,95,,,4621,,millimeters,0.13,,mm,0.13,acrylic,Acrylat,,,,,,millimeters,50,,mm,50
fabric,Gewebe,3M,Fabric adhesive tapes,Gewebeklebebänder,https://www.hoffmann-group.com/DE/de/hom/Chemisch-technische-Produkte/Klebeb%C3%A4nder/Gewebeklebeb%C3%A4nder/c/06-07-01-00-00,blue-grey,blau-grau,de,"The 3M™ 8979 has a conformable structure and UV resistance, making it suitable for permanent and temporary indoor and outdoor applications. It is water-repellent and can be used for sealing.
Note: The stated minimum shelf life of 3M™ products refers to compliance with the specified storage guidelines.","Ausführung:
Das 3M™ 8979 ist durch seine anschmiegsame Struktur und UV-Beständigkeit für dauerhafte und vorübergehende Anwendungen im Innen- und Außenbereich geeignet. Außerdem ist es wasserabweisend und kann damit auch zum Abdichten verwendet werden.
Hinweis:
Die angegebene Mindesthaltbarkeit von 3M™ Produkten bezieht sich auf die Einhaltung der vorgegebenen Lagerungsrichtlinien.",Hoffmann GmbH,https://www.hoffmann-group.com,048011538518,22.635869565217387,,1,EUR,unit,24.99,true,,meters,23,,m,23,fabric,Gewebe,de_hoffmann_group,2,,1,EUR,unit,24.99,083615-48X23,Hoffmann GmbH,,Home,Chemical-technical products,Adhesive tapes,Fabric adhesive tapes,,,,Startseite,Chemisch-technische Produkte,Klebebänder,Gewebeklebebänder,,,,https://www.hoffmann-group.com/DE/de/hom/Chemisch-technische-Produkte/c/06-00-00-00-00,https://www.hoffmann-group.com/DE/de/hom/Chemisch-technische-Produkte/Klebeb%C3%A4nder/c/06-07-00-00-00,https://www.hoffmann-group.com/DE/de/hom/Chemisch-technische-Produkte/Klebeb%C3%A4nder/Gewebeklebeb%C3%A4nder/c/06-07-01-00-00,,,,°C,93,,,,,millimeters,0.31,,mm,0.31,natural rubber,Naturkautschuk,,,,,,millimeters,48,,mm,48
fabric,Gewebe,tesa,Fabric adhesive tapes,Gewebeklebebänder,https://www.hoffmann-group.com/DE/de/hom/Chemisch-technische-Produkte/Klebeb%C3%A4nder/Gewebeklebeb%C3%A4nder/c/06-07-01-00-00,yellow,gelb,de,"Execution:
The tesa® 4671 has a carrier fabric made of cellulose (fabric), does not reflect, is fluorescent and suitable for almost any type of application. It can be torn easily by hand, is removable without residue, adheres even to rough surfaces and can be written on. With the tesa® 4671 fabric tape in neon colors you can handle various tasks safely and reliably - especially for marking different elements or in event areas! The tesa® 4671 fabric tape is available in fluorescent neon colors and is often used by professionals for visible marking of moving elements or at events. It is suitable for diverse applications such as marking, fixing, fastening or bundling. tesa® 4671 can be torn by hand, is easy to label, does not reflect and is formable. The combination of acrylate-coated fabric and an adhesive made of natural rubber provides high abrasion resistance. The fabric tape can be removed without residue and is available in the following colors: neon green, neon yellow, neon orange and neon pink.
Note:
The stated minimum shelf life of tesa® products refers to compliance with the specified storage guidelines.","Ausführung:
Das tesa® 4671 hat ein Trägergewebe aus Zellwolle, reflektiert nicht, ist flureszierend und für nahezu jede Art von Anwendung geeignet. Es lässt sich leicht von Hand einreißen, ist rückstandsfrei entfernbar, klebt auch auf rauen Oberflächen und kann beschriftet werden.Mit dem Gewebeband tesa® 4671 in neon Farben meistern Sie verschiedene Aufgaben sicher und zuverlässig - insbesondere beim Markieren verschiedener Elemente oder im Veranstaltungsbereich!Das Gewebeband tesa® 4671 ist in flourescierenden neon Farben erhältlich und wird von Fachleuten häufig zum sichtbaren Markieren von verschiebenen Elementen oder im Rahmen von Veranstaltungen eingesetzt. Es eignet sich für vielfältige Anwendungen wie Markieren, Fixieren, Befestigen oder Bündeln. tesa® 4671 lässt sich bequem von Hand einreißen, einfach beschriften, reflektiert nicht und ist formbar. Die Kombination aus acrylatbeschichteten Gewebe und einer Klebmasse aus Naturkautschuk sorgt für eine hohe Abriebfestigkeit. Das Gewebeband lässt sich rückstandslos entfernen und ist in folgenden Farben erhältlich: neongrün, neongelb, neonorange und neonpink.
Hinweis:
Die angegebene Mindesthaltbarkeit von tesa® Produkten bezieht sich auf die Einhaltung der vorgegebenen Lagerungsrichtlinien.",Hoffmann GmbH,https://www.hoffmann-group.com,4042448168412,111.48421052631579,,1,EUR,unit,105.91,true,,meters,25,,m,25,fabric,Gewebe,de_hoffmann_group,2,,1,EUR,unit,105.91,083612-38X25,Hoffmann GmbH,,Home,Chemical-technical products,Adhesive tapes,Fabric adhesive tapes,,,,Startseite,Chemisch-technische Produkte,Klebebänder,Gewebeklebebänder,,,,https://www.hoffmann-group.com/DE/de/hom/Chemisch-technische-Produkte/c/06-00-00-00-00,https://www.hoffmann-group.com/DE/de/hom/Chemisch-technische-Produkte/Klebeb%C3%A4nder/c/06-07-00-00-00,https://www.hoffmann-group.com/DE/de/hom/Chemisch-technische-Produkte/Klebeb%C3%A4nder/Gewebeklebeb%C3%A4nder/c/06-07-01-00-00,,,,°C,140,,,4671,,millimeters,0.28,,mm,0.28,natural rubber,Naturkautschuk,,,,,,millimeters,38,,mm,38
aluminum,Aluminium,3M,Aluminum adhesive tapes,Aluminiumklebebänder,https://www.hoffmann-group.com/DE/de/hom/Chemisch-technische-Produkte/Klebeb%C3%A4nder/Aluminiumklebeb%C3%A4nder/c/06-07-04-00-00,silver,silber,de,"The soft aluminum adhesive tape is suitable for galvanizing, has strong heat and light reflection, and is weather- and chemical-resistant. The 3M™ 425 can be removed largely residue-free and conforms to curved and uneven surfaces due to its pliability.
Note: The stated minimum shelf life of 3M™ products refers to compliance with the specified storage guidelines.","Ausführung:
Das Weich-Aluminiumklebeband eigent sich zur Galvanisierung, weist eine starke Hitze- und Lichtreflektion auf und ist Witterungs- und Chemikalienbeständig.Das 3M™ 425 kann weitestgehend rückstandsfrei entfernt werden und passt sich durch seine Anschmiegsamkeit an gebogene und unebene Oberflächen an.
Hinweis:
Die angegebene Mindesthaltbarkeit von 3M™ Produkten bezieht sich auf die Einhaltung der vorgegebenen Lagerungsrichtlinien.",Hoffmann GmbH,https://www.hoffmann-group.com,50051125853229,45.60727272727273,,1,EUR,unit,62.71,true,,meters,55,,m,55,aluminum,Aluminium,de_hoffmann_group,2,,1,EUR,unit,62.71,083634-25X55,Hoffmann GmbH,,Home,Chemical-technical products,Adhesive tapes,Aluminum adhesive tapes,,,,Startseite,Chemisch-technische Produkte,Klebebänder,Aluminiumklebebänder,,,,https://www.hoffmann-group.com/DE/de/hom/,https://www.hoffmann-group.com/DE/de/hom/Chemisch-technische-Produkte/c/06-00-00-00-00,https://www.hoffmann-group.com/DE/de/hom/Chemisch-technische-Produkte/Klebeb%C3%A4nder/c/06-07-00-00-00,https://www.hoffmann-group.com/DE/de/hom/Chemisch-technische-Produkte/Klebeb%C3%A4nder/Aluminiumklebeb%C3%A4nder/c/06-07-04-00-00,,,°C,-55,°C,155,,,millimeters,0.12,,mm,0.12,acrylic,Acrylat,,,,,,millimeters,25,,mm,25
PVC film,PVC-Folie,3m,Floor marking tape,Bodenmarkierungsbänder,https://www.hoffmann-group.com/DE/de/hom/Chemisch-technische-Produkte/Klebeb%C3%A4nder/Bodenmarkierungsb%C3%A4nder/c/06-07-07-00-00,"yellow, black",gelb schwarz,de,"The adhesive tape is suitable for marking hazards and material storage locations as well as marking corners and edges. Ideally suited for areas with low forklift traffic. The 3M™ color and floor marking tapes are ideal for building maintenance and for improving safety in facilities. The special structure of the colored PVC adhesive tapes resists scratches, abrasion, weathering and most chemicals. Easy to process, very conformable even on uneven surfaces. The 3M™ 766i is yellow-black striped. The stated minimum shelf life of 3M™ products refers to compliance with the specified storage guidelines.","Das Klebeband eignet sich zur Kennzeichnung von Gefahrenstellen und Materialstellplätzen sowie zum Markieren von Ecken und Kanten. Ideal geeignet in Bereichen mit geringer Belastung durch Flurförderzeuge. Die 3M™ Farb- und Bodenmarkierungsbänder eignen sich optimal im Bereich der Gebäudewartung und zur Verbesserung der Sicherheit in Anlagen. Die spezielle Struktur der farbigen PVC-Klebebänder hält Kratzern, Abrieb, Verwitterung sowie den meisten Chemikalien stand. Einfach zu verarbeiten, sehr anschmiegsam auch auf unebenen Oberflächen. Das 3M™ 766i ist gelb-schwarz gestreift. Die angegebene Mindesthaltbarkeit von 3M™ Produkten bezieht sich auf die Einhaltung der vorgegebenen Lagerungsrichtlinien.",Hoffmann GmbH,https://www.hoffmann-group.com,2050001712356,7.466666666666666,,1,EUR,unit,12.32,true,,meters,33,,m,33,PVC,PVC-Folie,de_hoffmann_group,2,,1,EUR,unit,12.32,083637-YB,Hoffmann GmbH,,Home,Chemical-technical products,Adhesive tapes,Floor marking tapes,,,,Startseite,Chemisch-technische Produkte,Klebebänder,Bodenmarkierungsbänder,,,,https://www.hoffmann-group.com/DE/de/hom/Chemisch-technische-Produkte/c/06-00-00-00-00,https://www.hoffmann-group.com/DE/de/hom/Chemisch-technische-Produkte/Klebeb%C3%A4nder/c/06-07-00-00-00,https://www.hoffmann-group.com/DE/de/hom/Chemisch-technische-Produkte/Klebeb%C3%A4nder/Bodenmarkierungsb%C3%A4nder/c/06-07-07-00-00,,,,°C,29,,,,,millimeters,0.125,,mm,0.125,natural rubber,Naturkautschuk,,,,,,millimeters,50,,mm,50
aluminum,Aluminium,3m,Aluminium tapes,Aluminiumklebebänder,https://www.hoffmann-group.com/DE/de/hom/Chemisch-technische-Produkte/Klebeb%C3%A4nder/Aluminiumklebeb%C3%A4nder/c/06-07-04-00-00,silver,silber,de,"The soft aluminum adhesive tape is suitable for electroplating, has strong heat and light reflection and is weather- and chemical-resistant. The 3M™ 431 has excellent sealing properties by providing good moisture shielding and is suitable for long-term applications. The stated shelf life of 3M™ products refers to compliance with the specified storage guidelines.","Das Weich-Aluminiumklebeband eigent sich zur Galvanisierung, weist eine starke Hitze- und Lichtreflektion auf und ist Witterungs- und Chemikalienbeständig. Das 3M™ 431 weist hervorragende Dichteigenschaften auf durch eine gute Abschirmung von Feuchtigkeit und ist problemlos für Langzeitanwendungen verwendbar. Die angegebene Mindesthaltbarkeit von 3M™ Produkten bezieht sich auf die Einhaltung der vorgegebenen Lagerungsrichtlinien.",Hoffmann GmbH,https://www.hoffmann-group.com,50051125853458,26.567272727272726,,1,EUR,unit,36.53,true,,meters,55,,m,55,aluminum,Aluminium,de_hoffmann_group,2,,1,EUR,unit,36.53,083635-25X55,Hoffmann GmbH,,Chemical-technical products,Adhesive tapes,Aluminium tapes,,,,,Chemisch-technische Produkte,Klebebänder,Aluminiumklebebänder,,,,,https://www.hoffmann-group.com/DE/de/hom/Chemisch-technische-Produkte/c/06-00-00-00-00,https://www.hoffmann-group.com/DE/de/hom/Chemisch-technische-Produkte/Klebeb%C3%A4nder/c/06-07-00-00-00,https://www.hoffmann-group.com/DE/de/hom/Chemisch-technische-Produkte/Klebeb%C3%A4nder/Aluminiumklebeb%C3%A4nder/c/06-07-04-00-00,,,,°C,-55,°C,155,,,millimeters,0.09,,mm,0.09,acrylic,Acrylat,,,,,,millimeters,25,,mm,25
PVC film,PVC-Folie,3m,PVC adhesive tapes,PVC-Klebebänder,https://www.hoffmann-group.com/DE/de/hom/Chemisch-technische-Produkte/Klebeb%C3%A4nder/PVC-Klebeb%C3%A4nder/c/06-07-06-00-00,blue,blau,de,"The 3M™ 764i can be used for non-critical applications such as color coding and bundling. It is corrosion-resistant, flexible, abrasion-resistant, conformable, easy to apply and moisture-resistant. The 3M™ color and floor marking tapes are ideal for building maintenance and improving safety in facilities. The special structure of the colored PVC adhesive tapes resists scratches, abrasion, weathering and most chemicals. Easy to process, very conformable even on uneven surfaces. The stated minimum shelf life of 3M™ products refers to compliance with the specified storage guidelines.","Das 3M™ 764i kann für nicht-kritische Einsatzbereiche verwendet werden wie zum Beispiel für Farbmarkierungen und Bündelungen. Es ist korrosionsbeständig, flexibel, abriebbeständig, anschmiegsam, einfach anzubringen und feuchtigkeitsbeständig. Die 3M™ Farb- und Bodenmarkierungsbänder eignen sich optimal im Bereich der Gebäudewartung und zur Verbesserung der Sicherheit in Anlagen. Die spezielle Struktur der farbigen PVC-Klebebänder hält Kratzern, Abrieb, Verwitterung sowie den meisten Chemikalien stand. Einfach zu verarbeiten, sehr anschmiegsam auch auf unebenen Oberflächen. Die angegebene Mindesthaltbarkeit von 3M™ Produkten bezieht sich auf die Einhaltung der vorgegebenen Lagerungsrichtlinien.",Hoffmann GmbH,https://www.hoffmann-group.com,4046719255672,5.806060606060606,,1,EUR,unit,9.58,true,,meters,33,,m,33,PVC,PVC-Folie,de_hoffmann_group,2,,1,EUR,unit,9.58,083636-BLUE,Hoffmann GmbH,,Home,Chemical-technical products,Adhesive tapes,PVC adhesive tapes,,,,Startseite,Chemisch-technische Produkte,Klebebänder,PVC-Klebebänder,,,,https://www.hoffmann-group.com/DE/de/hom/,https://www.hoffmann-group.com/DE/de/hom/Chemisch-technische-Produkte/c/06-00-00-00-00,https://www.hoffmann-group.com/DE/de/hom/Chemisch-technische-Produkte/Klebeb%C3%A4nder/c/06-07-00-00-00,https://www.hoffmann-group.com/DE/de/hom/Chemisch-technische-Produkte/Klebeb%C3%A4nder/PVC-Klebeb%C3%A4nder/c/06-07-06-00-00,,,°C,29,,,,,millimeters,0.125,,mm,0.125,natural rubber,Naturkautschuk,,,,,,millimeters,50,,mm,50
PVC film,PVC-Folie,3M,Floor marking tapes,Bodenmarkierungsbänder,https://www.hoffmann-group.com/DE/de/hom/Chemisch-technische-Produkte/Klebeb%C3%A4nder/Bodenmarkierungsb%C3%A4nder/c/06-07-07-00-00,yellow and black,gelb schwarz,de,"The adhesive tape is suitable for marking hazardous areas and material storage locations and for marking corners and edges. The 3M™ 5702 is yellow-black striped and has high durability due to its abrasion, scuff, moisture and weather resistance. The 3M™ colour and floor marking tapes are ideal for building maintenance and improving safety in facilities. The special structure of the coloured PVC adhesive tapes resists scratches, abrasion, weathering and most chemicals. Easy to process, very conformable even on uneven surfaces. The stated minimum shelf life of 3M™ products refers to compliance with the specified storage guidelines.","Das Klebeband eignet sich zur Kennzeichnung von Gefahrenstellen und Materialstellplätzen sowie zum Markieren von Ecken und Kanten. Das 3M™ 5702 ist gelb-schwarz gestreift und weist durch seine Abrieb-, Scheuer-, Feuchtigkeits- und Witterungsbeständigkeit eine hohe Lebensdauer auf. Die 3M™ Farb- und Bodenmarkierungsbänder eignen sich optimal im Bereich der Gebäudewartung und zur Verbesserung der Sicherheit in Anlagen. Die spezielle Struktur der farbigen PVC-Klebebänder hält Kratzern, Abrieb, Verwitterung sowie den meisten Chemikalien stand. Einfach zu verarbeiten, sehr anschmiegsam auch auf unebenen Oberflächen. Die angegebene Mindesthaltbarkeit von 3M™ Produkten bezieht sich auf die Einhaltung der vorgegebenen Lagerungsrichtlinien.",Hoffmann GmbH,https://www.hoffmann-group.com,50021200045856,43.739393939393935,,1,EUR,unit,72.17,true,,meters,33,,m,33,PVC,PVC-Folie,de_hoffmann_group,2,,1,EUR,unit,72.17,083632-YB,Hoffmann GmbH,,Home,Chemical-technical products,Adhesive tapes,Floor marking tapes,,,,Startseite,Chemisch-technische Produkte,Klebebänder,Bodenmarkierungsbänder,,,,https://www.hoffmann-group.com/DE/de/hom/,https://www.hoffmann-group.com/DE/de/hom/Chemisch-technische-Produkte/c/06-00-00-00-00,https://www.hoffmann-group.com/DE/de/hom/Chemisch-technische-Produkte/Klebeb%C3%A4nder/c/06-07-00-00-00,https://www.hoffmann-group.com/DE/de/hom/Chemisch-technische-Produkte/Klebeb%C3%A4nder/Bodenmarkierungsb%C3%A4nder/c/06-07-07-00-00,,,°C,4,°C,77,,,millimeters,0.14,,mm,0.14,rubber resin,Gummi-Harz,,,,,,millimeters,50,,mm,50
cloth,Gewebe,tesa,Cloth Adhesive Tapes,Gewebeklebebänder,https://www.hoffmann-group.com/DE/de/hom/Chemisch-technische-Produkte/Klebeb%C3%A4nder/Gewebeklebeb%C3%A4nder/c/06-07-01-00-00,red,rot,de,"The tesa® 53799 shows very good adhesive strength on rough substrates. It is easy to tear by hand, water-repellent, weather-resistant, high-strength and very conformable. Therefore it is ideal for a wide range of repair and construction work, and also for packaging, bundling, sealing, etc.
Note: The stated minimum shelf life of tesa® products refers to compliance with the specified storage guidelines.","Ausführung:
Das tesa® 53799 weist auf rauen Untergründen eine sehr gute Klebkraft auf. Es ist leicht von Hand einreißbar, wasserabweisend, witterungsbeständig, schwerfest und sehr anschmiegsam. Dadurch ist es ideal für verschiedenste Reparatur- und Konstruktionsarbeiten geeignet, aber auch zum Verpacken, Bündeln, Verkleben, usw.
Hinweis:
Die angegebene Mindesthaltbarkeit von tesa® Produkten bezieht sich auf die Einhaltung der vorgegebenen Lagerungsrichtlinien.",Hoffmann GmbH,https://www.hoffmann-group.com,4042448141361,12.526315789473685,,1,EUR,unit,11.9,true,,meters,25,,m,25,cloth,Gewebe,de_hoffmann_group,2,,1,EUR,unit,11.90,083605-38X25,Hoffmann GmbH,,Home,Chemical-technical products,Adhesive tapes,Cloth adhesive tapes,,,,Startseite,Chemisch-technische Produkte,Klebebänder,Gewebeklebebänder,,,,https://www.hoffmann-group.com/DE/de/hom/,https://www.hoffmann-group.com/DE/de/hom/Chemisch-technische-Produkte/c/06-00-00-00-00,https://www.hoffmann-group.com/DE/de/hom/Chemisch-technische-Produkte/Klebeb%C3%A4nder/c/06-07-00-00-00,https://www.hoffmann-group.com/DE/de/hom/Chemisch-technische-Produkte/Klebeb%C3%A4nder/Gewebeklebeb%C3%A4nder/c/06-07-01-00-00,,,°C,110,,,53799,,millimeters,0.31,,mm,0.31,natural rubber,Naturkautschuk,,,,,,millimeters,38,,mm,38
fabric,Gewebe,tesa,Cloth adhesive tapes,Gewebeklebebänder,https://www.hoffmann-group.com/DE/de/hom/Chemisch-technische-Produkte/Klebeb%C3%A4nder/Gewebeklebeb%C3%A4nder/c/06-07-01-00-00,black,schwarz,de,"Specification:
The tesa® 4662 duct tape has excellent adhesive strength even on rough and dusty surfaces. It is waterproof, conformable and flexible. Ideal for sealing pipes and lines as well as for applications on plaster and masonry. It is easy to tear by hand in longitudinal and transverse directions.
Note:
The stated minimum shelf life of tesa® products refers to compliance with the specified storage guidelines.","Ausführung:
Das tesa® 4662 duct tape hat eine ausgezeichnete Klebkraft auch auf rauen und staubigen Untergründen. Es ist wasserfest, anschmiegsam und flexibel. Ideal zum Abdichten von Rohren und Leitungen sowie für Anwendungen auf Putz und Mauerwerk. Es ist leicht von Hand einreißbar in Längs- und Querrichtung.
Hinweis:
Die angegebene Mindesthaltbarkeit von tesa® Produkten bezieht sich auf die Einhaltung der vorgegebenen Lagerungsrichtlinien.",Hoffmann GmbH,https://www.hoffmann-group.com,4042448392961,6.1000000000000005,,1,EUR,unit,14.64,true,,meters,50,,m,50,fabric,Gewebe,de_hoffmann_group,2,,1,EUR,unit,14.64,083601-48X50,Hoffmann GmbH,,Home,Chemical-technical products,Adhesive tapes,Cloth adhesive tapes,,,,Startseite,Chemisch-technische Produkte,Klebebänder,Gewebeklebebänder,,,,https://www.hoffmann-group.com/DE/de/hom/,https://www.hoffmann-group.com/DE/de/hom/Chemisch-technische-Produkte/c/06-00-00-00-00,https://www.hoffmann-group.com/DE/de/hom/Chemisch-technische-Produkte/Klebeb%C3%A4nder/c/06-07-00-00-00,https://www.hoffmann-group.com/DE/de/hom/Chemisch-technische-Produkte/Klebeb%C3%A4nder/Gewebeklebeb%C3%A4nder/c/06-07-01-00-00,,,°C,95,,,4662,,millimeters,0.23,,mm,0.23,natural rubber,Naturkautschuk,,,,,,millimeters,48,,mm,48
kraft paper,Kraftpapier,,Printed adhesive tape,Klebeband mit Druck,https://www.hoffmann-verpackung.de/klebeband-umreifung/klebeband-mit-druck/,brown,braun,de,"Protect the environment with kraft paper tape with natural rubber adhesive. 1-color positive print with your company logo or slogan for effective, eco-friendly advertising. Recyclable thanks to 100% kraft paper. Easy to tear off without tools, quiet and easy to unwind. Plus cliché costs of €35.","Schützen Sie die Umwelt mit dem Klebeband aus Kraftpapier mit Naturkautschukkleber. mit 1-farb. Positivdruck mit Ihrem Firmen-Logo oder -Slogan bedruckt - wirkungsvoll und umweltschonend werben recyclebar Dank 100% Kraftpapier leichtes Abreißen ohne Hilfsmittel leise und leicht abrollbar zzgl. Klischeekosten in Höhe von € 35,-",Carl Bernh. Hoffmann GmbH & Co. KG,https://www.hoffmann-verpackung.de,,n/a,,,,,,true,,meters,50,,m,50,natural rubber,Naturkautschukkleber,de_hoffmann_verpackung,1,,,,,,KP.1B,Carl Bernh. Hoffmann,,Home,Adhesive tape & strapping,Printed adhesive tape,Kraft paper tape with 1-color print,,,,Home,Klebeband & Umreifung,Klebeband mit Druck,"Kraftpapier-Klebeband, mit 1-farb. Druck",,,,https://www.hoffmann-verpackung.de/,https://www.hoffmann-verpackung.de/klebeband-umreifung/,https://www.hoffmann-verpackung.de/klebeband-umreifung/klebeband-mit-druck/,,,,,,,,,,,,,,,natural rubber,Naturkautschukkleber,,,,,,millimeters,50,,mm,50
polypropylene (PP),PP-Packband,,Printed Adhesive Tape,Klebeband mit Druck,https://www.hoffmann-verpackung.de/klebeband-umreifung/klebeband-mit-druck/,white,weiß,de,"With your company logo or slogan plus cliché costs of €175.
Details:
Dimension 50mm x 66m (W x L)
Color white
Adhesive material: acrylic adhesive
Unwinding noise: low-noise
Finish: 2-colour print
Quality: 52 µm total thickness","mit Ihrem Firmen-Logo oder -Slogan zzgl. Klischeekosten in Höhe von € 175,-
Details:
Abmessung 50mm x 66m (B x L)
Farbe weiß
Material Acrylatkleber
Abroll-Geräusch geräuscharm
Ausführung 2-farb. Druck
Qualität 52 mµ Gesamtdicke",Carl Bernh. Hoffmann GmbH & Co. KG,https://www.hoffmann-verpackung.de,,n/a,,,,,,true,,meters,66,,m,66,polypropylene (PP),PP-Packband,de_hoffmann_verpackung,1,,,,,,PP882.2W,Carl Bernh. Hoffmann,,Home,Adhesive tape & strapping,Printed adhesive tape,,,,,Home,Klebeband & Umreifung,Klebeband mit Druck,,,,,https://www.hoffmann-verpackung.de/,https://www.hoffmann-verpackung.de/klebeband-umreifung/,https://www.hoffmann-verpackung.de/klebeband-umreifung/klebeband-mit-druck/,,,,,,,,,,millimeters,0.052,,µm,52,acrylic,Acrylatkleber,,,,,,millimeters,50,,mm,50
,,,Printed adhesive tape,Klebeband mit Druck,https://www.hoffmann-verpackung.de/klebeband-umreifung/klebeband-mit-druck/,transparent,Farbe transparent,de,"With your company logo or slogan plus cliché costs of €235,-","mit Ihrem Firmen-Logo oder -Slogan zzgl. Klischeekosten in Höhe von € 235,-",Carl Bernh. Hoffmann GmbH & Co. KG,https://www.hoffmann-verpackung.de,,n/a,,,,,,true,,meters,66,,m,66,hotmelt adhesive,Material Hotmelt-Kleber,de_hoffmann_verpackung,1,,,,,,PP818.3T,Carl Bernh. Hoffmann,,Home,Tape & Strapping,Printed adhesive tape,PP packing tape with 3-color positive print,,,,Home,Klebeband & Umreifung,Klebeband mit Druck,PP-Packband mit 3-farb. Positivdruck,,,,https://www.hoffmann-verpackung.de/,https://www.hoffmann-verpackung.de/klebeband-umreifung/,https://www.hoffmann-verpackung.de/klebeband-umreifung/klebeband-mit-druck/,,,,,,,,,,millimeters,0.028,,mµ,28,hotmelt,Hotmelt-Kleber,,,,,,millimeters,50,,mm,50
,,,Printed adhesive tape,Klebeband mit Druck,https://www.hoffmann-verpackung.de/klebeband-umreifung/klebeband-mit-druck/,brown,braun,de,Custom-printed PP packing tape with your company logo or slogan; additional cliché costs of €235. Dimensions: 50 mm x 66 m. Color: brown. Adhesive: hotmelt. 3-color print. Quality: 28 µm. Price on request. 1 pallet = 2376 rolls.,"mit Ihrem Firmen-Logo oder -Slogan zzgl. Klischeekosten in Höhe von € 235,-",Carl Bernh. Hoffmann GmbH & Co. KG,https://www.hoffmann-verpackung.de,,n/a,,,,,,true,,meters,66,,m,66,,,de_hoffmann_verpackung,1,,,,,,PP818.3B,Carl Bernh. Hoffmann,,Home,Adhesive tape & strapping,Printed adhesive tape,PP packing tape with 3-color positive print,,,,Home,Klebeband & Umreifung,Klebeband mit Druck,PP-Packband mit 3-farb. Positivdruck,,,,https://www.hoffmann-verpackung.de/,https://www.hoffmann-verpackung.de/klebeband-umreifung/,https://www.hoffmann-verpackung.de/klebeband-umreifung/klebeband-mit-druck/,,,,,,,,,,millimeters,0.028,,mµ,28,hot melt,Hotmelt-Kleber,,,,,,millimeters,50,,mm,50
polypropylene,PP,,Printed adhesive tape,Klebeband mit Druck,https://www.hoffmann-verpackung.de/klebeband-umreifung/klebeband-mit-druck/,transparent,transparent,de,"With your company logo or slogan plus cliché costs of €175.
Dimensions: 50 mm x 66 m (W x L)
Color: transparent
Adhesive: acrylic adhesive
Unwinding noise: low-noise
Print: 2-colour print
Thickness: 52 µm total thickness","mit Ihrem Firmen-Logo oder -Slogan zzgl. Klischeekosten in Höhe von € 175,-
Abmessung 50mm x 66m (B x L)
Farbe transparent
Material Acrylatkleber
Abroll-Geräusch geräuscharm
Ausführung 2-farb. Druck
Qualität 52 mµ Gesamtdicke",Carl Bernh. Hoffmann GmbH & Co. KG,https://www.hoffmann-verpackung.de,,n/a,,,,,,true,,meters,66,,m,66,polypropylene,PP,de_hoffmann_verpackung,1,,,,,,PP882.2T,Carl Bernh. Hoffmann,,Home,Adhesive tape & strapping,Printed adhesive tape,,,,,Home,Klebeband & Umreifung,Klebeband mit Druck,,,,,https://www.hoffmann-verpackung.de/,https://www.hoffmann-verpackung.de/klebeband-umreifung/,https://www.hoffmann-verpackung.de/klebeband-umreifung/klebeband-mit-druck/,,,,,,,,,,millimeters,0.052,,mµ,52,acrylic,Acrylatkleber,,,,,,millimeters,50,,mm,50
PP (polypropylene),PP-Packband,,Printed adhesive tape,Klebeband mit Druck,https://www.hoffmann-verpackung.de/klebeband-umreifung/klebeband-mit-druck/,brown,braun,de,"With your company logo or slogan, plus cliché costs of €175.-","mit Ihrem Firmen-Logo oder -Slogan zzgl. Klischeekosten in Höhe von € 175,-",Carl Bernh. Hoffmann GmbH & Co. KG,https://www.hoffmann-verpackung.de,,n/a,,,,,,true,,meters,66,,m,66,acrylate adhesive,Acrylatkleber,de_hoffmann_verpackung,1,,,,,,PP882.2B,Carl Bernh. Hoffmann,,Home,Adhesive tape & strapping,Printed adhesive tape,"PP packaging tape, 2-colour positive print",,,,Home,Klebeband & Umreifung,Klebeband mit Druck,"PP-Packband, mit 2-farb. Positivdruck",,,,https://www.hoffmann-verpackung.de/,https://www.hoffmann-verpackung.de/klebeband-umreifung/,https://www.hoffmann-verpackung.de/klebeband-umreifung/klebeband-mit-druck/,,,,,,,,,,millimeters,0.052,,µm,52,acrylate,Acrylatkleber,,,,,,millimeters,50,,mm,50
kraft paper,Kraftpapier,,Printed adhesive tape,Klebeband mit Druck,https://www.hoffmann-verpackung.de/klebeband-umreifung/klebeband-mit-druck/,white,weiß,de,"Protect the environment with the kraft paper tape with natural rubber adhesive. 1-color positive print with your company logo or slogan — effective and environmentally friendly advertising. Recyclable thanks to 100% kraft paper. Easy to tear off without tools, quiet and easy to unwind. Additional cliché costs of €35.","Schützen Sie die Umwelt mit dem Klebeband aus Kraftpapier mit Naturkautschukkleber.<ul>mit 1-farb. Positivdruckmit Ihrem Firmen-Logo oder -Slogan bedruckt - wirkungsvoll und umweltschonend werbenrecyclebar Dank 100% Kraftpapierleichtes Abreißen ohne Hilfsmittelleise und leicht abrollbarzzgl. Klischeekosten in Höhe von € 35,-</ul>",Carl Bernh. Hoffmann GmbH & Co. KG,https://www.hoffmann-verpackung.de,,n/a,,,,,,true,,meters,50,,m,50,kraft paper,Naturkautschukkleber,de_hoffmann_verpackung,1,,,,,,KP.1W,Carl Bernh. Hoffmann,,Home,Adhesive tape & strapping,Printed adhesive tape,Kraft paper adhesive tape with 1-color print,,,,Home,Klebeband & Umreifung,Klebeband mit Druck,"Kraftpapier-Klebeband, mit 1-farb. Druck",,,,https://www.hoffmann-verpackung.de/,https://www.hoffmann-verpackung.de/klebeband-umreifung/,https://www.hoffmann-verpackung.de/klebeband-umreifung/klebeband-mit-druck/,,,,,,,,,,,,,,,natural rubber,Naturkautschukkleber,,,,,,millimeters,50,,mm,50
kraft paper,Kraftpapier,,Printed adhesive tape,Klebeband mit Druck,https://www.hoffmann-verpackung.de/klebeband-umreifung/klebeband-mit-druck/,brown,braun,de,"Protect the environment with tape made of kraft paper and natural rubber adhesive. 2-color positive print. Printed with your company logo or slogan - effective and eco-friendly advertising. Recyclable thanks to 100% kraft paper. Easy to tear off without tools, quiet and easy to unwind. Plus cliché costs of €70.","Schützen Sie die Umwelt mit dem Klebeband aus Kraftpapier und Naturkautschukkleber. mit 2-farb. Positivdruckmit Ihrem Firmen-Logo oder -Slogan bedruckt - wirkungsvoll und umweltschonend werbenrecyclebar dank 100% Kraftpapierleichtes Abreißen ohne Hilfsmittelleise und leicht abrollbarzzgl. Klischeekosten in Höhe von € 70,-",Carl Bernh. Hoffmann GmbH & Co. KG,https://www.hoffmann-verpackung.de,,n/a,,,,,,true,,meters,50,,m,50,natural rubber adhesive,Naturkautschukkleber,de_hoffmann_verpackung,1,,,,,,KP.2B,Carl Bernh. Hoffmann,,Home,Adhesive tape & strapping,Printed adhesive tape,"Kraft paper tape, with 2-color print",,,,Home,Klebeband & Umreifung,Klebeband mit Druck,"Kraftpapier-Klebeband, mit 2-farb. Druck",,,,https://www.hoffmann-verpackung.de/,https://www.hoffmann-verpackung.de/klebeband-umreifung/,https://www.hoffmann-verpackung.de/klebeband-umreifung/klebeband-mit-druck/,,,,,,,,,,,,,,,natural rubber,Naturkautschukkleber,,,,,,millimeters,50,,mm,50
polypropylene,,,Printed adhesive tape,Klebeband mit Druck,https://www.hoffmann-verpackung.de/klebeband-umreifung/klebeband-mit-druck/,brown,braun,de,With your company logo or slogan plus cliché costs of €85. Dimensions 50mm x 66m (W x L). Color: brown. Adhesive: acrylic adhesive. Low roll noise. 1-colour print. Total thickness 52 µm.,"mit Ihrem Firmen-Logo oder -Slogan zzgl. Klischeekosten in Höhe von € 85,-
Abmessung 50mm x 66m (B x L)
Farbe braun
Material Acrylatkleber
Abroll-Geräusch geräuscharm
Ausführung 1-farb. Druck
Qualität 52 mµ Gesamtdicke",Carl Bernh. Hoffmann GmbH & Co. KG,https://www.hoffmann-verpackung.de,,n/a,,,,,,true,,meters,66,,m,66,polypropylene,PP-Packband,de_hoffmann_verpackung,1,,,,,,PP882.1B,Carl Bernh. Hoffmann,,Home,Adhesive tape & strapping,Printed adhesive tape,,,,,Home,Klebeband & Umreifung,Klebeband mit Druck,,,,,https://www.hoffmann-verpackung.de/,https://www.hoffmann-verpackung.de/klebeband-umreifung/,https://www.hoffmann-verpackung.de/klebeband-umreifung/klebeband-mit-druck/,,,,,,,,,,millimeters,0.052,,mµ,52,acrylic,Acrylatkleber,,,,,,millimeters,50,,mm,50
polypropylene (PP),PP-Packband,,Printed tape,Klebeband mit Druck,https://www.hoffmann-verpackung.de/klebeband-umreifung/klebeband-mit-druck/,white,weiß,de,With your company logo or slogan; plus cliché costs of €85.,"mit Ihrem Firmen-Logo oder -Slogan zzgl. Klischeekosten in Höhe von € 85,-",Carl Bernh. Hoffmann GmbH & Co. KG,https://www.hoffmann-verpackung.de,,n/a,,,,,,true,,meters,66,,m,66,polypropylene,PP,de_hoffmann_verpackung,1,,,,,,PP882.1W,Carl Bernh. Hoffmann,,Home,Adhesive tape & strapping,Printed tape,,,,,Home,Klebeband & Umreifung,Klebeband mit Druck,,,,,https://www.hoffmann-verpackung.de/,https://www.hoffmann-verpackung.de/klebeband-umreifung/,https://www.hoffmann-verpackung.de/klebeband-umreifung/klebeband-mit-druck/,,,,,,,,,,millimeters,0.052,,µm,52,acrylic,Acrylatkleber,,,,,,millimeters,50,,mm,50
polypropylene (PP) packing tape,PP-Packband,,Printed Adhesive Tape,Klebeband mit Druck,https://www.hoffmann-verpackung.de/klebeband-umreifung/klebeband-mit-druck/,transparent,transparent,de,With your company logo or slogan; plus cliché costs of €75.,"mit Ihrem Firmen-Logo oder -Slogan zzgl. Klischeekosten in Höhe von € 75,-",Carl Bernh. Hoffmann GmbH & Co. KG,https://www.hoffmann-verpackung.de,,n/a,,,,,,true,,meters,66,,m,66,hotmelt adhesive,Hotmelt-Kleber,de_hoffmann_verpackung,1,,,,,,PP818.1T,Carl Bernh. Hoffmann,,Home,Adhesive tape & strapping,Printed adhesive tape,,,,,Home,Klebeband & Umreifung,Klebeband mit Druck,,,,,https://www.hoffmann-verpackung.de/,https://www.hoffmann-verpackung.de/klebeband-umreifung/,https://www.hoffmann-verpackung.de/klebeband-umreifung/klebeband-mit-druck/,,,,,,,,,,millimeters,0.028,,µm,28,hot melt,Hotmelt-Kleber,,,,,,millimeters,50,,mm,50
polypropylene,PP-Packband,,Printed adhesive tape,Klebeband mit Druck,https://www.hoffmann-verpackung.de/klebeband-umreifung/klebeband-mit-druck/,transparent,transparent,de,"With your company logo or slogan plus cliché costs of €145.
Dimensions 50 mm x 66 m (W x L).
Color: transparent.
Adhesive: hotmelt.
Unwinding noise: loud.
Design: 2-colour print.
Thickness/quality: 28 µm.","mit Ihrem Firmen-Logo oder -Slogan zzgl. Klischeekosten in Höhe von € 145,-
Abmessung 50mm x 66m (B x L)
Farbe transparent
Material Hotmelt-Kleber
Abroll-Geräusch laut
Ausführung 2-farb. Druck
Qualität 28 mµ",Carl Bernh. Hoffmann GmbH & Co. KG,https://www.hoffmann-verpackung.de,,n/a,,,,,,true,,meters,66,,m,66,polypropylene,PP-Packband,de_hoffmann_verpackung,1,,,,,,PP818.2T,Carl Bernh. Hoffmann,,Home,Tape & strapping,Printed tape,PP packing tape with 2-colour positive print,,,,Home,Klebeband & Umreifung,Klebeband mit Druck,PP-Packband mit 2-farb. Positivdruck,,,,https://www.hoffmann-verpackung.de/,https://www.hoffmann-verpackung.de/klebeband-umreifung/,https://www.hoffmann-verpackung.de/klebeband-umreifung/klebeband-mit-druck/,,,,,,,,,,millimeters,0.028,,µm,28,hotmelt,Hotmelt-Kleber,,,,,,millimeters,50,,mm,50
polypropylene,PP,,Printed adhesive tape,Klebeband mit Druck,https://www.hoffmann-verpackung.de/klebeband-umreifung/klebeband-mit-druck/,brown,braun,de,"With your company logo or slogan; plus cliché costs of €145.
Dimensions: 50 mm x 66 m (W x L).
Color: brown.
Adhesive: hot melt adhesive.
Unwind noise: loud.
Print: 2-colour print.
Thickness/quality: 28 µm.","mit Ihrem Firmen-Logo oder -Slogan zzgl. Klischeekosten in Höhe von € 145,-
Abmessung 50mm x 66m (B x L)
Farbe braun
Material Hotmelt-Kleber
Abroll-Geräusch laut
Ausführung 2-farb. Druck
Qualität 28 mµ",Carl Bernh. Hoffmann GmbH & Co. KG,https://www.hoffmann-verpackung.de,,n/a,,,,,,true,,meters,66,,m,66,polypropylene,PP,de_hoffmann_verpackung,1,,,,,,PP818.2B,Carl Bernh. Hoffmann,,Home,Adhesive tape & strapping,Printed adhesive tape,PP packing tape with 2-colour positive print,,,,Home,Klebeband & Umreifung,Klebeband mit Druck,PP-Packband mit 2-farb. Positivdruck,,,,https://www.hoffmann-verpackung.de/,https://www.hoffmann-verpackung.de/klebeband-umreifung/,https://www.hoffmann-verpackung.de/klebeband-umreifung/klebeband-mit-druck/,,,,,,,,,,millimeters,0.028,,mµ,28,hot melt,Hotmelt-Kleber,,,,,,millimeters,50,,mm,50
polypropylene,PP-Packband,,Printed adhesive tape,Klebeband mit Druck,https://www.hoffmann-verpackung.de/klebeband-umreifung/klebeband-mit-druck/,transparent,transparent,de,With your company logo or slogan plus cliché costs of €85. Price on request. 1 pallet = 2376 rolls. Dimensions 50 mm x 66 m (W x L). Color: transparent. Adhesive: acrylate adhesive. Low-noise unwind. Single-color print. Total thickness 52 µm.,"mit Ihrem Firmen-Logo oder -Slogan zzgl. Klischeekosten in Höhe von € 85,-
Preis auf Anfrage
1 Palette = 2376 Rolle
Abmessung 50mm x 66m (B x L)
Farbe transparent
Material Acrylatkleber
Abroll-Geräusch geräuscharm
Ausführung 1-farb. Druck
Qualität 52 mµ Gesamtdicke",Carl Bernh. Hoffmann GmbH & Co. KG,https://www.hoffmann-verpackung.de,,n/a,,,,,,true,,meters,66,,m,66,,,de_hoffmann_verpackung,1,,,,,,PP882.1T,Carl Bernh. Hoffmann,,Home,Adhesive Tape & Strapping,Printed adhesive tape,,,,,Home,Klebeband & Umreifung,Klebeband mit Druck,,,,,https://www.hoffmann-verpackung.de/,https://www.hoffmann-verpackung.de/klebeband-umreifung/,https://www.hoffmann-verpackung.de/klebeband-umreifung/klebeband-mit-druck/,,,,,,,,,,millimeters,0.052,,mµ,52,acrylic,Acrylatkleber,,,,,,millimeters,50,,mm,50
polypropylene (PP),PP-Packband,,Printed packing tape,Klebeband mit Druck,https://www.hoffmann-verpackung.de/klebeband-umreifung/klebeband-mit-druck/,white,weiß,de,Can be printed with your company logo or slogan; plus cliché costs of €75. Dimensions: 50 mm x 66 m. Color: white. Adhesive: hotmelt. Loud unwind. 1-colour print. Suitable for light packages. Thickness: 28 µm.,"mit Ihrem Firmen-Logo oder -Slogan zzgl. Klischeekosten in Höhe von € 75,-",Carl Bernh. Hoffmann GmbH & Co. KG,https://www.hoffmann-verpackung.de,,n/a,,,,,,true,,meters,66,,m,66,hotmelt adhesive,Hotmelt-Kleber,de_hoffmann_verpackung,1,,,,,,PP818.1W,Carl Bernh. Hoffmann,,Home,Adhesive tape & strapping,Printed adhesive tape,PP packing tape with 1-color positive print,,,,Home,Klebeband & Umreifung,Klebeband mit Druck,PP-Packband mit 1-farb. Positivdruck,,,,https://www.hoffmann-verpackung.de/,https://www.hoffmann-verpackung.de/klebeband-umreifung/,https://www.hoffmann-verpackung.de/klebeband-umreifung/klebeband-mit-druck/,,,,,,,,,,millimeters,0.028,,mµ,28,hotmelt,Hotmelt-Kleber,,,,,,millimeters,50,,mm,50
PP (polypropylene),PP-Packband,,Printed adhesive tape,Klebeband mit Druck,https://www.hoffmann-verpackung.de/klebeband-umreifung/klebeband-mit-druck/,white,weiß,de,"With your company logo or slogan plus cliché costs of €145.
Dimensions 50mm x 66m (W x L)
Color white
Adhesive: hot melt
Dispensing noise: loud
Finish: 2-colour print
Thickness/quality: 28 µm
Price on request
1 pallet = 2376 rolls","mit Ihrem Firmen-Logo oder -Slogan zzgl. Klischeekosten in Höhe von € 145,-
Abmessung 50mm x 66m (B x L)
Farbe weiß
Material Hotmelt-Kleber
Abroll-Geräusch laut
Ausführung 2-farb. Druck
Qualität 28 mµ
Preis auf Anfrage
1 Palette = 2376 Rolle",Carl Bernh. Hoffmann GmbH & Co. KG,https://www.hoffmann-verpackung.de,,n/a,,,,,,true,,meters,66,,m,66,polypropylene (PP),PP-Packband,de_hoffmann_verpackung,1,,,,,,PP818.2W,Carl Bernh. Hoffmann,,Home,Adhesive tape & strapping,Printed adhesive tape,PP packing tape with 2-colour positive print,,,,Home,Klebeband & Umreifung,Klebeband mit Druck,PP-Packband mit 2-farb. Positivdruck,,,,https://www.hoffmann-verpackung.de/klebeband-umreifung/,https://www.hoffmann-verpackung.de/klebeband-umreifung/klebeband-mit-druck/,,,,,,,,,,,millimeters,0.028,,µm,28,hot melt,Hotmelt-Kleber,,,,,,millimeters,50,,mm,50
kraft paper,Kraftpapier,,Printed tape,Klebeband mit Druck,https://www.hoffmann-verpackung.de/klebeband-umreifung/klebeband-mit-druck/,white,weiß,de,"Protect the environment with this tape made of kraft paper and natural rubber adhesive. 2-color positive print. Printed with your company logo or slogan - effective and environmentally friendly advertising. Recyclable thanks to 100% kraft paper. Easy tearing without tools, quiet and easy to unwind. Plus cliché costs of €70.","Schützen Sie die Umwelt mit dem Klebeband aus Kraftpapier und Naturkautschukkleber. mit 2-farb. Positivdruckmit Ihrem Firmen-Logo oder -Slogan bedruckt - wirkungsvoll und umweltschonend werbenrecyclebar dank 100% Kraftpapierleichtes Abreißen ohne Hilfsmittelleise und leicht abrollbarzzgl. Klischeekosten in Höhe von € 70,-",Carl Bernh. Hoffmann GmbH & Co. KG,https://www.hoffmann-verpackung.de,,n/a,,,,,,true,,meters,50,,m,50,kraft paper,Kraftpapier,de_hoffmann_verpackung,1,,,,,,KP.2W,Carl Bernh. Hoffmann,,Home,Adhesive tape & strapping,Printed tape,"Kraft paper tape, with 2-color print",,,,Home,Klebeband & Umreifung,Klebeband mit Druck,"Kraftpapier-Klebeband, mit 2-farb. Druck",,,,https://www.hoffmann-verpackung.de/,https://www.hoffmann-verpackung.de/klebeband-umreifung/,https://www.hoffmann-verpackung.de/klebeband-umreifung/klebeband-mit-druck/,,,,,,,,,,,,,,,natural rubber,Naturkautschukkleber,,,,,,millimeters,50,,mm,50
kraft paper,Papierklebeband,,Printed tape,Klebeband mit Druck,https://www.hoffmann-verpackung.de/klebeband-umreifung/klebeband-mit-druck/,brown with black print,"schwarzer Druck, braun",de,"Perfect for Christmas decoration or for packaging and decorating gifts. Natural brown with black print ""Frohes Fest"".","Perfekt für die Weihnachtsdeko oder zum Verpacken und Verzieren von Geschenken
natur-braunmit Druck in schwarz ""Frohes Fest""",Carl Bernh. Hoffmann GmbH & Co. KG,https://www.hoffmann-verpackung.de,,1.24,,1,EUR,unit,3.1,true,,meters,50,,m,50,kraft paper,Kraftpapier,de_hoffmann_verpackung,1,,1,EUR,unit,3.10,03.P50FESTS,Carl Bernh. Hoffmann,,Home,Tape & strapping,Printed tape,Paper self-adhesive tape,,,,Home,Klebeband & Umreifung,Klebeband mit Druck,Papier-Selbstklebeband,,,,https://www.hoffmann-verpackung.de/,https://www.hoffmann-verpackung.de/klebeband-umreifung/,https://www.hoffmann-verpackung.de/klebeband-umreifung/klebeband-mit-druck/,,,,,,,,,,,,,,,,,,,,,,millimeters,50,,mm,50
kraft paper,Kraftpapier,,Printed Adhesive Tape,Klebeband mit Druck,https://www.hoffmann-verpackung.de/klebeband-umreifung/klebeband-mit-druck/,white with black print,"schwarzer Druck, weiß",de,"Perfect for Christmas decorations or for wrapping and decorating gifts. White with black print ""Merry Christmas"". Small roll.","Perfekt für die Weihnachtsdeko oder zum Verpacken und Verzieren von Geschenken weiß mit Druck in schwarz ""Merry Christmas"" Kleinrolle",Carl Bernh. Hoffmann GmbH & Co. KG,https://www.hoffmann-verpackung.de,,13.421052631578947,,1,EUR,unit,2.55,true,,meters,10,,m,10,kraft paper,Kraftpapier,de_hoffmann_verpackung,1,,1,EUR,unit,2.55,03.P19CHRISTS,Carl Bernh. Hoffmann,,Home,Adhesive tape & strapping,Printed Adhesive Tape,Paper self-adhesive tape,,,,Home,Klebeband & Umreifung,Klebeband mit Druck,Papier-Selbstklebeband,,,,https://www.hoffmann-verpackung.de/,https://www.hoffmann-verpackung.de/klebeband-umreifung/,https://www.hoffmann-verpackung.de/klebeband-umreifung/klebeband-mit-druck/,,,,,,,,,,,,,,,paper adhesive tape,Papierklebeband,,,,,,millimeters,19,,mm,19
polypropylene,PP-Packband,,Printed tape,Klebeband mit Druck,https://www.hoffmann-verpackung.de/klebeband-umreifung/klebeband-mit-druck/,brown,braun,de,"With your company logo or slogan plus cliché costs of €75. Product details: 50 mm x 66 m, brown colour, hotmelt adhesive, loud unwind, 1-colour print, suitable for light packages, quality 28 µm.","mit Ihrem Firmen-Logo oder -Slogan zzgl. Klischeekosten in Höhe von € 75,-",Carl Bernh. Hoffmann GmbH & Co. KG,https://www.hoffmann-verpackung.de,,n/a,,,,,,true,,meters,66,,m,66,hotmelt adhesive,Hotmelt-Kleber,de_hoffmann_verpackung,1,,,,,,PP818.1B,Carl Bernh. Hoffmann,,Home,Adhesive tape & strapping,Printed tape,PP packing tape with 1-color positive print,,,,Home,Klebeband & Umreifung,Klebeband mit Druck,PP-Packband mit 1-farb. Positivdruck,,,,https://www.hoffmann-verpackung.de/,https://www.hoffmann-verpackung.de/klebeband-umreifung/,https://www.hoffmann-verpackung.de/klebeband-umreifung/klebeband-mit-druck/,,,,,,,,,,millimeters,0.028,,µm,28,hotmelt,Hotmelt-Kleber,,,,,,millimeters,50,,mm,50
,,,,,,,,us,"Data unavailable due to Access Denied server response: page blocked, no product information accessible.","Access Denied
You don't have permission to access ""http://www.fastenal.com/product/details/0559861"" on this server.
Reference #18.a4f4d517.1757485929.c52c8e96
https://errors.edgesuite.net/18.a4f4d517.1757485929.c52c8e96",FASTENAL,https://www.fastenal.com,,n/a,,,,,,,,,,,,,,,us_fastenal,5,,,,,,,FASTENAL EUROPE LTD,,,,,,,,,,,,,,,,,,,,,,,,,,,,,,,,,,,,,,,,,,,,
,,,,,,,,,Data unavailable due to Access Denied: server blocked access to the product page. Original page returned an access denied message and reference number.,"Access Denied
You don't have permission to access ""http://www.fastenal.com/product/details/0492977"" on this server.
Reference #18.a4f4d517.1757485929.c52c8e38
https://errors.edgesuite.net/18.a4f4d517.1757485929.c52c8e38",FASTENAL,https://www.fastenal.com,,n/a,,,,,,,,,,,,,,,us_fastenal,5,,,,,,,FASTENAL EUROPE LTD,,,,,,,,,,,,,,,,,,,,,,,,,,,,,,,,,,,,,,,,,,,,
,,,,,,,,us,"Data unavailable due to access denied: Access Denied
You don't have permission to access ""http://www.fastenal.com/product/details/0492976"" on this server.
Reference #18.c4d7ce17.1757485929.27d3520
https://errors.edgesuite.net/18.c4d7ce17.1757485929.27d3520","Data unavailable due to access denied: Access Denied
You don't have permission to access ""http://www.fastenal.com/product/details/0492976"" on this server.
Reference #18.c4d7ce17.1757485929.27d3520
https://errors.edgesuite.net/18.c4d7ce17.1757485929.27d3520",FASTENAL,https://www.fastenal.com,,n/a,,,,,,,,,,,,,,,us_fastenal,5,,,,,,,FASTENAL EUROPE LTD,,,,,,,,,,,,,,,,,,,,,,,,,,,,,,,,,,,,,,,,,,,,
,,,,,,,,,"Data unavailable due to Access Denied: You don't have permission to access ""http://www.fastenal.com/product/details/0559868"" on this server. Reference #18.a4f4d517.1757485929.c52c8df3 https://errors.edgesuite.net/18.a4f4d517.1757485929.c52c8df3","Data unavailable due to Access Denied: You don't have permission to access ""http://www.fastenal.com/product/details/0559868"" on this server. Reference #18.a4f4d517.1757485929.c52c8df3 https://errors.edgesuite.net/18.a4f4d517.1757485929.c52c8df3",FASTENAL,https://www.fastenal.com,,n/a,,,,,,,,,,,,,,,us_fastenal,5,,,,,,,FASTENAL EUROPE LTD,,,,,,,,,,,,,,,,,,,,,,,,,,,,,,,,,,,,,,,,,,,,
,,,,,,,,us,"Data unavailable due to Access Denied: You don't have permission to access ""http://www.fastenal.com/product/details/0559867"" on this server. Reference #18.c4d7ce17.1757485929.27d34ea https://errors.edgesuite.net/18.c4d7ce17.1757485929.27d34ea","Data unavailable due to Access Denied: You don't have permission to access ""http://www.fastenal.com/product/details/0559867"" on this server. Reference #18.c4d7ce17.1757485929.27d34ea https://errors.edgesuite.net/18.c4d7ce17.1757485929.27d34ea",FASTENAL,https://www.fastenal.com,,n/a,,,,,,,,,,,,,,,us_fastenal,5,,,,,,,FASTENAL EUROPE LTD,,,,,,,,,,,,,,,,,,,,,,,,,,,,,,,,,,,,,,,,,,,,
,,,,,,,,,Data unavailable due to access denied: page shows 'Access Denied' and a permission error (blocked from accessing product URL). No product details present on page.,Data unavailable due to access denied: page shows 'Access Denied' and a permission error (blocked from accessing product URL). No product details present on page.,FASTENAL,https://www.fastenal.com,,n/a,,,,,,,,,,,,,,,us_fastenal,5,,,,,,,FASTENAL EUROPE LTD,,,,,,,,,,,,,,,,,,,,,,,,,,,,,,,,,,,,,,,,,,,,
polyethylene,Polyethylene,POLYKEN,Rug and Carpet Tape,Rug and Carpet Tape,https://www.fastenal.com/product/Adhesives%2C%20Sealants%2C%20and%20Tape/Tape/Rug%20and%20Carpet%20Tape?categoryId=609943,natural,Natural,us,"Carpet hold-down for the convention and entertainment industry. Hanging seaming and splicing poly sheeting. General mounting and holding. Good tack and strong adhesion for a secure bond. Clean removal from most surfaces. Conformable with good stretch. High strength cloth tears by hand. Moisture and abrasion resistant. Carpet hold-down for the convention and entertainment industry. Hanging, seaming, and splicing poly sheeting. General mounting and holding. Hanging and seaming sheeting for indoor protection.","Carpet hold-down for the convention and entertainment industry. Hanging seaming and splicing poly sheeting. General mounting and holding. Good tack and strong adhesion for a secure bond. Clean removal from most surfaces. Conformable with good stretch. High strength cloth tears by hand. Moisture and abrasion resistant. Carpet hold-down for the convention and entertainment industry. Hanging, seaming, and splicing poly sheeting. General mounting and holding. Hanging and seaming sheeting for indoor protection.",FASTENAL,https://www.fastenal.com,,15.978260869565217,,1,EUR,unit,17.64,true,,meters,23,,M,23,ldpe film,LDPE Film,us_fastenal,5,,1,USD,unit,20.55,0559866,FASTENAL EUROPE LTD,,Home,All Products,"Adhesives, Sealants, and Tape",Tape,Rug and Carpet Tape,,,Home,All Products,"Adhesives, Sealants, and Tape",Tape,Rug and Carpet Tape,,,https://www.fastenal.com/,https://www.fastenal.com/product/all,https://www.fastenal.com/product/Adhesives%2C%20Sealants%2C%20and%20Tape?categoryId=613850,https://www.fastenal.com/product/Adhesives%2C%20Sealants%2C%20and%20Tape/Tape?categoryId=601991,https://www.fastenal.com/product/Adhesives%2C%20Sealants%2C%20and%20Tape/Tape/Rug%20and%20Carpet%20Tape?categoryId=609943,,,,,,,,millimeters,0.2794,,mil,11,rubber,Rubber,,,,,,millimeters,48,,mm,48
,,,,,,,,,Data unavailable due to Access Denied: You don't have permission to access the requested URL on this server. Reference #18.c4d7ce17.1757485929.27d353e,Data unavailable due to Access Denied: You don't have permission to access the requested URL on this server. Reference #18.c4d7ce17.1757485929.27d353e,FASTENAL,https://www.fastenal.com,,n/a,,,,,,,,,,,,,,,us_fastenal,5,,,,,,,FASTENAL EUROPE LTD,,,,,,,,,,,,,,,,,,,,,,,,,,,,,,,,,,,,,,,,,,,,
,,,,,,,,,"Data unavailable due to Access Denied: You don't have permission to access ""http://www.fastenal.com/product/details/0603110"" on this server. Reference #18.c4d7ce17.1757485931.27d4f0d https://errors.edgesuite.net/18.c4d7ce17.1757485931.27d4f0d","Data unavailable due to Access Denied: You don't have permission to access ""http://www.fastenal.com/product/details/0603110"" on this server. Reference #18.c4d7ce17.1757485931.27d4f0d https://errors.edgesuite.net/18.c4d7ce17.1757485931.27d4f0d",FASTENAL,https://www.fastenal.com,,n/a,,,,,,,,,,,,,,,us_fastenal,5,,,,,,,FASTENAL EUROPE LTD,,,,,,,,,,,,,,,,,,,,,,,,,,,,,,,,,,,,,,,,,,,,
,,,,,,,,,"Data unavailable due to Access Denied server response: You don't have permission to access ""http://www.fastenal.com/product/details/0626285"" on this server. Reference #18.a4f4d517.1757485929.c52c8e87","Data unavailable due to Access Denied server response: You don't have permission to access ""http://www.fastenal.com/product/details/0626285"" on this server. Reference #18.a4f4d517.1757485929.c52c8e87",FASTENAL,https://www.fastenal.com,,n/a,,,,,,,,,,,,,,,us_fastenal,5,,,,,,,FASTENAL EUROPE LTD,,,,,,,,,,,,,,,,,,,,,,,,,,,,,,,,,,,,,,,,,,,,
,,,,,,,,us,"Data unavailable due to Access Denied. You don't have permission to access ""http://www.fastenal.com/product/details/4135630"" on this server. Reference #18.c4d7ce17.1757485931.27d4e5a https://errors.edgesuite.net/18.c4d7ce17.1757485931.27d4e5a","Data unavailable due to Access Denied. You don't have permission to access ""http://www.fastenal.com/product/details/4135630"" on this server. Reference #18.c4d7ce17.1757485931.27d4e5a https://errors.edgesuite.net/18.c4d7ce17.1757485931.27d4e5a",FASTENAL,https://www.fastenal.com,,n/a,,,,,,,,,,,,,,,us_fastenal,5,,,,,,,FASTENAL EUROPE LTD,,,,,,,,,,,,,,,,,,,,,,,,,,,,,,,,,,,,,,,,,,,,
,,,,,,,,,"Data unavailable due to Access Denied: You don't have permission to access ""http://www.fastenal.com/product/details/0560206"" on this server. Reference #18.a4f4d517.1757485929.c52c8e6d https://errors.edgesuite.net/18.a4f4d517.1757485929.c52c8e6d","Access Denied
You don't have permission to access ""http://www.fastenal.com/product/details/0560206"" on this server.
Reference #18.a4f4d517.1757485929.c52c8e6d
https://errors.edgesuite.net/18.a4f4d517.1757485929.c52c8e6d",FASTENAL,https://www.fastenal.com,,n/a,,,,,,,,,,,,,,,us_fastenal,5,,,,,,,FASTENAL EUROPE LTD,,,,,,,,,,,,,,,,,,,,,,,,,,,,,,,,,,,,,,,,,,,,
foam,Foam,K-FLEX USA,Pipe Insulation Tape,Pipe Insulation Tape,https://www.fastenal.com/product/Adhesives%2C%20Sealants%2C%20and%20Tape/Tape/Pipe%20Insulation%20Tape?categoryId=611452,black,Black,us,"Widely recognized by the HVAC/R and plumbing wholesale trade for superior characteristics, including cold-weather flexibility, a durable skin surface, moisture vapor resistance, condensation control, and a temperature range of -297°F to 220°F. Durable performance. Easy to use. Competitively priced. Suitable for HVAC/R piping.","Widely recognized by the HVAC/R and Plumbing wholesale trade as having superior product characteristics, including cold weather flexibility, durable skin surface, moisture vapor resistance, condensation control and a temperature range of -297°F to 220°F.
Durable performance
Easy-to-use
Competitively priced
HVAC/R piping",FASTENAL,https://www.fastenal.com,,70.7404192586163,,1,EUR,unit,32.86,true,,meters,9.144,,ft,30,foam,Foam,us_fastenal,5,,1,USD,unit,38.28,4204277,FASTENAL EUROPE LTD,,Home,All Products,"Adhesives, Sealants, and Tape",Tape,Pipe Insulation Tape,,,Home,All Products,"Adhesives, Sealants, and Tape",Tape,Pipe Insulation Tape,,,https://www.fastenal.com/,https://www.fastenal.com/product/all,https://www.fastenal.com/product/Adhesives%2C%20Sealants%2C%20and%20Tape?categoryId=613850,https://www.fastenal.com/product/Adhesives%2C%20Sealants%2C%20and%20Tape/Tape?categoryId=601991,https://www.fastenal.com/product/Adhesives%2C%20Sealants%2C%20and%20Tape/Tape/Pipe%20Insulation%20Tape?categoryId=611452,,°F,-297,°F,220,,,millimeters,3.175,,mil,125,pipe insulation tape,Pipe Insulation Tape,,,,,,millimeters,50.8,,in,2
polyethylene,Polyethylene,POLYKEN,Rug and Carpet Tape,Rug and Carpet Tape,https://www.fastenal.com/product/Adhesives%2C%20Sealants%2C%20and%20Tape/Tape/Rug%20and%20Carpet%20Tape?categoryId=609943,black,Black,us,Carpet installation on interior floors and stairs of aircraft. Hanging and sealing acrylic plastic sheeting. Mounting bonding and securing for general machine shop applications.Cloth reinforcementGood strength and elongation for easy tear application and removalComfortable and moisture resistantFlame retardant rubber-based adhesiveClean removal from most surfacesAggressive bond secure holdRepositionable adhesive for easy installationAircraft carpet installation applications. Mounting and bonding where flame retardance is required.,Carpet installation on interior floors and stairs of aircraft. Hanging and sealing acrylic plastic sheeting. Mounting bonding and securing for general machine shop applications.Cloth reinforcementGood strength and elongation for easy tear application and removalComfortable and moisture resistantFlame retardant rubber-based adhesiveClean removal from most surfacesAggressive bond secure holdRepositionable adhesive for easy installationAircraft carpet installation applications. Mounting and bonding where flame retardance is required.,FASTENAL,https://www.fastenal.com,,45.733695652173914,,1,EUR,unit,50.49,true,,meters,23,,M,23,polyethylene,Polyethylene,us_fastenal,5,,1,USD,unit,58.82,0559872,FASTENAL EUROPE LTD,,Home,All Products,"Adhesives, Sealants, and Tape",Tape,Rug and Carpet Tape,,,Home,All Products,"Adhesives, Sealants, and Tape",Tape,Rug and Carpet Tape,,,https://www.fastenal.com/,https://www.fastenal.com/product/all,https://www.fastenal.com/product/Adhesives%2C%20Sealants%2C%20and%20Tape?categoryId=613850,https://www.fastenal.com/product/Adhesives%2C%20Sealants%2C%20and%20Tape/Tape?categoryId=601991,https://www.fastenal.com/product/Adhesives%2C%20Sealants%2C%20and%20Tape/Tape/Rug%20and%20Carpet%20Tape?categoryId=609943,,,,,,,,millimeters,0.381,,mil,15,rubber,Rubber,,,,31.0008,,millimeters,48,,mm,48
PVC,Polyvinyl Chloride,3M,Lithographers Tape,Lithographers Tape,https://www.fastenal.com/product/Adhesives%2C%20Sealants%2C%20and%20Tape/Tape/Lithographers%20Tape?categoryId=609067,Red,Red,us,"Science you can see. 3M™ Lithographers Tape 616 is a Ruby Red 2.4 mil unplasticized polyvinyl chloride (UPVC) film tape with a rubber adhesive. The low-caliper, pin-hole-free colored backing allows accurate positioning while minimizing ghosting and providing sharper definition with continuous opacity to light to help minimize retouching. This tape resists changing atmospheric conditions, allowing repeated and extended burn times. It is designed with a firm, long-aging rubber adhesive resistant to softening and oozing during application and storage, ensuring long life and consistent performance. Recommended applications: Opaquing, Stripping, Edging, Masking, Splicing, printed circuit board industry applications, paper industry applications. Key features: firm long-aging adhesive; pin-hole-free backing for continuous opacity; low-caliper backing for sharp line definition; Ruby Red UPVC film backing for accurate positioning.",Science you can see3M™ Lithographers Tape 616 is a Ruby Red 2.4 mil unplasticized polyvinylchloride (UPVC) film tape with a rubber adhesive. The low caliper pin-hole free colored backing allows for accurate positioning while minimizing ghosting and simultaneously providing sharper definition with a continuous opacity to light to help minimize retouching. This tape is resistant to changing atmospheric conditions which allows for repeated and extended burn times. It is designed with a firm long-aging rubber adhesive that is resistant to softening. It resists oozing during both application and storage ensuring a long life and continued performance during processes. Recommended ApplicationsOpaquingStrippingEdgingMaskingSplicingPrinted circuit boards industry applicationsPaper industry applications. Firm long-aging adhesive which is resistant to softening to resist oozing during applications and storagePin-hole free backing to provide continuous opacity to light source to help reduce minimize retouchingFirm adhesive which is long aging and resistant to softening to resist oozing during application and storage.Low caliper backing provides sharp line definition.Ruby Red UPVC film backing to allow accurate positioning.,FASTENAL,https://www.fastenal.com,,67.18459768029301,,1,EUR,unit,56.28,true,,meters,65.96,,yd,72,PVC,Polyvinyl Chloride,us_fastenal,5,,1,USD,unit,65.55,0603109,FASTENAL EUROPE LTD,,Home,All Products,"Adhesives, Sealants, and Tape",Tape,Lithographers Tape,,,Home,All Products,"Adhesives, Sealants, and Tape",Tape,Lithographers Tape,,,https://www.fastenal.com/,https://www.fastenal.com/product/all,https://www.fastenal.com/product/Adhesives%2C%20Sealants%2C%20and%20Tape?categoryId=613850,https://www.fastenal.com/product/Adhesives%2C%20Sealants%2C%20and%20Tape/Tape?categoryId=601991,https://www.fastenal.com/product/Adhesives%2C%20Sealants%2C%20and%20Tape/Tape/Lithographers%20Tape?categoryId=609067,,,,,,,,millimeters,0.061,,mil,2.4,rubber,Rubber / Resin,,,,,,millimeters,12.7,,in,0.5
,,,,,,,,,"Data unavailable due to access denied: page shows ""Access Denied. You don't have permission to access the product URL on this server. Reference #18.c4d7ce17.1757485929.27d35af""","Data unavailable due to access denied: page shows ""Access Denied. You don't have permission to access 'http://www.fastenal.com/product/details/922397297' on this server. Reference #18.c4d7ce17.1757485929.27d35af""",FASTENAL,https://www.fastenal.com,,n/a,,,,,,,,,,,,,,,us_fastenal,5,,,,,,,FASTENAL EUROPE LTD,,,,,,,,,,,,,,,,,,,,,,,,,,,,,,,,,,,,,,,,,,,,
,,,,,,,,,Data unavailable due to Access Denied: server blocked access to the product page (Access Denied message returned).,Data unavailable due to Access Denied: server blocked access to the product page (Access Denied message returned).,FASTENAL,https://www.fastenal.com,,n/a,,,,,,,,,,,,,,,us_fastenal,5,,,,,,,FASTENAL EUROPE LTD,,,,,,,,,,,,,,,,,,,,,,,,,,,,,,,,,,,,,,,,,,,,
foam,Foam,T-Rex,Plate Mounting Tape,Plate Mounting Tape,https://www.fastenal.com/product/Adhesives%2C%20Sealants%2C%20and%20Tape/Tape/Plate%20Mounting%20Tape?categoryId=609939,clear,Clear,us,"Transparent, double sided tape is .039 inches thick and holds up to 30 lbs. per roll or 4 inches per each 2 lbs. of weight for discrete, heavy duty mounting applications, Permanent application that works on a variety of surfaces including metal, glass, wood, concrete, brick, tile and ceramic for an easy alternative to nails, screws, staples and glue, All weather mounting tape withstands high temperatures up to 200?F (93?C) for extreme hold during indoor/outdoor use and is weather & UV resistant for year-long durability, FOR BEST RESULTS: Ensure surfaces are clean, dry and free of moisture before applying. Apply firm pressure to double sided tape to enable the strong adhesive bond with surfaces. T-Rex Mounting Tape adhesive will build over time, achieving full strength after a 24 hour period., Will not stick to all grades of plastic, including polyethylene and polypropylene plastics","Transparent, double sided tape is .039 inches thick and holds up to 30 lbs. per roll or 4 inches per each 2 lbs. of weight for discrete, heavy duty mounting applications, Permanent application that works on a variety of surfaces including metal, glass, wood, concrete, brick, tile and ceramic for an easy alternative to nails, screws, staples and glue, All weather mounting tape withstands high temperatures up to 200?F (93?C) for extreme hold during indoor/outdoor use and is weather & UV resistant for year-long durability, FOR BEST RESULTS: Ensure surfaces are clean, dry and free of moisture before applying. Apply firm pressure to double sided tape to enable the strong adhesive bond with surfaces. T-Rex Mounting Tape adhesive will build over time, achieving full strength after a 24 hour period., Will not stick to all grades of plastic, including polyethylene and polypropylene plastics",FASTENAL,https://www.fastenal.com,,166.3669994006655,,1,EUR,unit,6.44,true,,meters,1.524,,in,60,foam,Acrylic; Foam,us_fastenal,5,,1,USD,unit,7.50,922381728,FASTENAL EUROPE LTD,,Home,All Products,"Adhesives, Sealants, and Tape",Tape,Plate Mounting Tape,,,Home,All Products,"Adhesives, Sealants, and Tape",Tape,Plate Mounting Tape,,,https://www.fastenal.com/,https://www.fastenal.com/product/all,https://www.fastenal.com/product/Adhesives%2C%20Sealants%2C%20and%20Tape?categoryId=613850,https://www.fastenal.com/product/Adhesives%2C%20Sealants%2C%20and%20Tape/Tape?categoryId=601991,https://www.fastenal.com/product/Adhesives%2C%20Sealants%2C%20and%20Tape/Tape/Plate%20Mounting%20Tape?categoryId=609939,,°C,93,,,,,millimeters,0.99,,mil,39,acrylic,Acrylic,,,,0.124,,millimeters,25.4,,in,1
,,,,,,,,us,Data unavailable due to Access Denied: You don't have permission to access the product page on this server.,"Access Denied
Access Denied
You don't have permission to access ""http://www.fastenal.com/product/details/4204278"" on this server.
Reference #18.c4d7ce17.1757485929.27d359d
https://errors.edgesuite.net/18.c4d7ce17.1757485929.27d359d",FASTENAL,https://www.fastenal.com,,n/a,,,,,,,,,,,,,,,us_fastenal,5,,,,,,,FASTENAL EUROPE LTD,,,,,,,,,,,,,,,,,,,,,,,,,,,,,,,,,,,,,,,,,,,,
PET,PET,POLYKEN,Plate Mounting Tape,Plate Mounting Tape,https://www.fastenal.com/product/Adhesives%2C%20Sealants%2C%20and%20Tape/Tape/Plate%20Mounting%20Tape?categoryId=609939,Blue,Blue,us,"Splicing low-surface energy materials. Splicing coated or uncoated papers or corrugate. Foil splicing. Tape splicing/manufacturing. Tough PET film backing resists puncture and abrasion. Silicone adhesive bonds to low-surface energy materials. High temperature splicing for corrugate, foil, paper, tape, and release-coated materials.","Splicing low-surface energy materials. Splicing coated or uncoated papers or corrugate. Foil splicing. Tape splicing/manufacturing.Tough PET film backing resists puncture and abrasion. Silicone adhesive bonds to low-surface energy materials.High temperature splicing for corrugate, foil, paper, tape, and release-coated materials.",FASTENAL,https://www.fastenal.com,,24.924432564914515,,1,EUR,unit,41.68,true,,meters,65.8368,,yd,72,PET,PET,us_fastenal,5,,1,USD,unit,48.55,91086809,FASTENAL EUROPE LTD,,Home,All Products,"Adhesives, Sealants, and Tape",Tape,Plate Mounting Tape,,,Home,All Products,"Adhesives, Sealants, and Tape",Tape,Plate Mounting Tape,,,https://www.fastenal.com/,https://www.fastenal.com/product/all,https://www.fastenal.com/product/Adhesives%2C%20Sealants%2C%20and%20Tape?categoryId=613850,https://www.fastenal.com/product/Adhesives%2C%20Sealants%2C%20and%20Tape/Tape?categoryId=601991,https://www.fastenal.com/product/Adhesives%2C%20Sealants%2C%20and%20Tape/Tape/Plate%20Mounting%20Tape?categoryId=609939,,,,,,,,millimeters,0.07112,,mil,2.8,silicone,Silicone,,,,,,millimeters,25.4,,in,1